Section,Ventes_2024
OrderID,ProductID,Date,Revenue,Region
1001,P021,2023-01-01,5297.58,FR
1002,P034,2023-01-01,2336.72,FR
1003,P004,2023-01-01,11160.35,FR
1004,P028,2023-01-01,6501.48,FR
1005,P025,2023-01-01,4784.04,FR
1006,P020,2023-01-02,4312.68,FR
1007,P015,2023-01-02,4242.04,FR
1008,P036,2023-01-02,2157.16,FR
1009,P016,2023-01-02,4041.42,FR
1010,P029,2023-01-03,440.28,FR
1011,P018,2023-01-03,4778.3,FR
1012,P013,2023-01-03,11968.35,FR
1013,P022,2023-01-04,581.33,FR
1014,P008,2023-01-04,6519.84,FR
1015,P014,2023-01-04,490.94,FR
1016,P019,2023-01-04,8304.28,FR
1017,P024,2023-01-05,1063.96,FR
1018,P031,2023-01-05,7421.91,FR
1019,P021,2023-01-05,1765.86,FR
1020,P010,2023-01-05,6079.29,FR
1021,P010,2023-01-05,6079.29,FR
1022,P016,2023-01-06,10103.55,FR
1023,P032,2023-01-06,5596.08,FR
1024,P023,2023-01-06,426.56,FR
1025,P035,2023-01-06,798.9,FR
1026,P004,2023-01-06,2232.07,FR
1027,P015,2023-01-06,4242.04,FR
1028,P033,2023-01-06,6328.47,FR
1029,P031,2023-01-07,9895.88,FR
1030,P035,2023-01-07,3195.6,FR
1031,P034,2023-01-07,1752.54,FR
1032,P033,2023-01-07,8437.96,FR
1033,P007,2023-01-07,161.88,FR
1034,P034,2023-01-07,1752.54,FR
1035,P006,2023-01-07,2233.28,FR
1036,P016,2023-01-07,4041.42,FR
1037,P003,2023-01-08,7380.52,FR
1038,P036,2023-01-08,539.29,FR
1039,P011,2023-01-08,8069.84,FR
1040,P007,2023-01-09,80.94,FR
1041,P031,2023-01-09,2473.97,FR
1042,P018,2023-01-09,4778.3,FR
1043,P021,2023-01-09,3531.72,FR
1044,P026,2023-01-09,2804.7,FR
1045,P025,2023-01-10,7973.4,FR
1046,P009,2023-01-10,562.79,FR
1047,P007,2023-01-10,161.88,FR
1048,P026,2023-01-10,2804.7,FR
1049,P029,2023-01-11,880.56,FR
1050,P025,2023-01-11,3189.36,FR
1051,P019,2023-01-11,2076.07,FR
1052,P010,2023-01-11,4052.86,FR
1053,P024,2023-01-11,265.99,FR
1054,P024,2023-01-12,797.97,FR
1055,P006,2023-01-12,2233.28,FR
1056,P036,2023-01-12,2157.16,FR
1057,P006,2023-01-12,2791.6,FR
1058,P021,2023-01-12,1765.86,FR
1059,P025,2023-01-12,1594.68,FR
1060,P011,2023-01-13,8069.84,FR
1061,P018,2023-01-13,2866.98,FR
1062,P005,2023-01-13,4253.92,FR
1063,P020,2023-01-13,2156.34,FR
1064,P016,2023-01-13,8082.84,FR
1065,P007,2023-01-13,242.82,FR
1066,P022,2023-01-13,2325.32,FR
1067,P028,2023-01-14,8126.85,FR
1068,P021,2023-01-14,3531.72,FR
1069,P012,2023-01-14,2581.56,FR
1070,P032,2023-01-14,2798.04,FR
1071,P018,2023-01-14,2866.98,FR
1072,P035,2023-01-15,3994.5,FR
1073,P030,2023-01-15,842.12,FR
1074,P005,2023-01-15,4253.92,FR
1075,P020,2023-01-15,6469.02,FR
1076,P025,2023-01-16,6378.72,FR
1077,P026,2023-01-16,4674.5,FR
1078,P003,2023-01-16,9225.65,FR
1079,P016,2023-01-16,6062.13,FR
1080,P003,2023-01-16,7380.52,FR
1081,P007,2023-01-16,80.94,FR
1082,P034,2023-01-17,2920.9,FR
1083,P024,2023-01-17,1063.96,FR
1084,P002,2023-01-17,698.45,FR
1085,P006,2023-01-17,1116.64,FR
1086,P022,2023-01-17,1162.66,FR
1087,P031,2023-01-17,9895.88,FR
1088,P005,2023-01-17,1063.48,FR
1089,P007,2023-01-18,161.88,FR
1090,P012,2023-01-18,1721.04,FR
1091,P028,2023-01-18,3250.74,FR
1092,P012,2023-01-18,3442.08,FR
1093,P013,2023-01-18,11968.35,FR
1094,P014,2023-01-19,736.41,FR
1095,P007,2023-01-19,161.88,FR
1096,P013,2023-01-19,2393.67,FR
1097,P034,2023-01-20,1752.54,FR
1098,P026,2023-01-20,934.9,FR
1099,P030,2023-01-20,842.12,FR
1100,P006,2023-01-20,1116.64,FR
1101,P016,2023-01-20,2020.71,FR
1102,P010,2023-01-20,8105.72,FR
1103,P025,2023-01-21,3189.36,FR
1104,P035,2023-01-21,1597.8,FR
1105,P019,2023-01-21,4152.14,FR
1106,P004,2023-01-21,2232.07,FR
1107,P025,2023-01-22,7973.4,FR
1108,P032,2023-01-22,5596.08,FR
1109,P006,2023-01-22,558.32,FR
1110,P003,2023-01-22,3690.26,FR
1111,P032,2023-01-23,6995.1,FR
1112,P008,2023-01-23,8149.8,FR
1113,P003,2023-01-23,7380.52,FR
1114,P007,2023-01-23,161.88,FR
1115,P029,2023-01-23,1320.84,FR
1116,P008,2023-01-23,3259.92,FR
1117,P023,2023-01-24,1066.4,FR
1118,P009,2023-01-24,1125.58,FR
1119,P023,2023-01-24,639.84,FR
1120,P019,2023-01-24,10380.35,FR
1121,P007,2023-01-24,323.76,FR
1122,P009,2023-01-24,1125.58,FR
1123,P021,2023-01-24,7063.44,FR
1124,P018,2023-01-25,3822.64,FR
1125,P005,2023-01-25,1063.48,FR
1126,P018,2023-01-25,2866.98,FR
1127,P021,2023-01-25,1765.86,FR
1128,P030,2023-01-25,1263.18,FR
1129,P026,2023-01-25,3739.6,FR
1130,P018,2023-01-25,2866.98,FR
1131,P009,2023-01-26,2251.16,FR
1132,P004,2023-01-26,2232.07,FR
1133,P008,2023-01-26,6519.84,FR
1134,P028,2023-01-26,3250.74,FR
1135,P018,2023-01-26,2866.98,FR
1136,P024,2023-01-26,531.98,FR
1137,P020,2023-01-26,4312.68,FR
1138,P007,2023-01-27,161.88,FR
1139,P009,2023-01-27,1125.58,FR
1140,P001,2023-01-27,4811.94,FR
1141,P009,2023-01-28,562.79,FR
1142,P006,2023-01-28,558.32,FR
1143,P024,2023-01-28,531.98,FR
1144,P009,2023-01-28,1125.58,FR
1145,P001,2023-01-28,3207.96,FR
1146,P014,2023-01-28,490.94,FR
1147,P029,2023-01-28,440.28,FR
1148,P008,2023-01-28,6519.84,FR
1149,P009,2023-01-29,1688.37,FR
1150,P036,2023-01-29,2696.45,FR
1151,P002,2023-01-29,2095.35,FR
1152,P033,2023-01-29,8437.96,FR
1153,P004,2023-01-29,8928.28,FR
1154,P032,2023-01-30,6995.1,FR
1155,P001,2023-01-30,4811.94,FR
1156,P027,2023-01-30,3392.2,FR
1157,P031,2023-01-30,2473.97,FR
1158,P001,2023-01-31,3207.96,FR
1159,P026,2023-01-31,2804.7,FR
1160,P026,2023-01-31,4674.5,FR
1161,P020,2023-02-01,10781.7,FR
1162,P035,2023-02-01,3195.6,FR
1163,P028,2023-02-01,3250.74,FR
1164,P028,2023-02-02,6501.48,FR
1165,P012,2023-02-02,860.52,FR
1166,P001,2023-02-02,6415.92,FR
1167,P017,2023-02-03,4042.59,FR
1168,P018,2023-02-03,955.66,FR
1169,P028,2023-02-03,8126.85,FR
1170,P005,2023-02-03,4253.92,FR
1171,P032,2023-02-03,2798.04,FR
1172,P017,2023-02-03,1347.53,FR
1173,P033,2023-02-03,2109.49,FR
1174,P031,2023-02-04,9895.88,FR
1175,P003,2023-02-04,7380.52,FR
1176,P016,2023-02-04,6062.13,FR
1177,P024,2023-02-05,1329.95,FR
1178,P015,2023-02-05,2121.02,FR
1179,P030,2023-02-05,1263.18,FR
1180,P036,2023-02-05,539.29,FR
1181,P019,2023-02-05,6228.21,FR
1182,P024,2023-02-05,1063.96,FR
1183,P035,2023-02-05,1597.8,FR
1184,P002,2023-02-06,3492.25,FR
1185,P001,2023-02-06,1603.98,FR
1186,P020,2023-02-06,4312.68,FR
1187,P032,2023-02-06,2798.04,FR
1188,P003,2023-02-06,9225.65,FR
1189,P024,2023-02-06,265.99,FR
1190,P026,2023-02-07,4674.5,FR
1191,P009,2023-02-07,1688.37,FR
1192,P026,2023-02-07,2804.7,FR
1193,P018,2023-02-07,955.66,FR
1194,P007,2023-02-08,80.94,FR
1195,P030,2023-02-08,1684.24,FR
1196,P023,2023-02-08,426.56,FR
1197,P030,2023-02-08,421.06,FR
1198,P020,2023-02-08,10781.7,FR
1199,P021,2023-02-08,1765.86,FR
1200,P026,2023-02-08,934.9,FR
1201,P002,2023-02-09,2793.8,FR
1202,P030,2023-02-09,842.12,FR
1203,P004,2023-02-09,4464.14,FR
1204,P026,2023-02-09,934.9,FR
1205,P005,2023-02-10,4253.92,FR
1206,P022,2023-02-10,581.33,FR
1207,P011,2023-02-10,8069.84,FR
1208,P025,2023-02-11,6378.72,FR
1209,P014,2023-02-11,736.41,FR
1210,P010,2023-02-11,10132.15,FR
1211,P032,2023-02-12,6995.1,FR
1212,P006,2023-02-12,2233.28,FR
1213,P013,2023-02-12,11968.35,FR
1214,P035,2023-02-12,3195.6,FR
1215,P035,2023-02-12,2396.7,FR
1216,P012,2023-02-13,2581.56,FR
1217,P018,2023-02-13,3822.64,FR
1218,P015,2023-02-13,2121.02,FR
1219,P016,2023-02-13,10103.55,FR
1220,P015,2023-02-13,8484.08,FR
1221,P016,2023-02-14,6062.13,FR
1222,P002,2023-02-14,2095.35,FR
1223,P013,2023-02-14,11968.35,FR
1224,P032,2023-02-14,1399.02,FR
1225,P015,2023-02-15,10605.1,FR
1226,P022,2023-02-15,1162.66,FR
1227,P012,2023-02-15,860.52,FR
1228,P010,2023-02-15,2026.43,FR
1229,P024,2023-02-15,1063.96,FR
1230,P020,2023-02-15,4312.68,FR
1231,P028,2023-02-15,6501.48,FR
1232,P036,2023-02-16,2696.45,FR
1233,P012,2023-02-16,2581.56,FR
1234,P012,2023-02-16,860.52,FR
1235,P003,2023-02-16,9225.65,FR
1236,P015,2023-02-16,10605.1,FR
1237,P010,2023-02-16,2026.43,FR
1238,P021,2023-02-16,1765.86,FR
1239,P001,2023-02-16,3207.96,FR
1240,P023,2023-02-17,213.28,FR
1241,P025,2023-02-17,6378.72,FR
1242,P032,2023-02-17,4197.06,FR
1243,P015,2023-02-18,8484.08,FR
1244,P019,2023-02-18,6228.21,FR
1245,P005,2023-02-18,2126.96,FR
1246,P005,2023-02-18,1063.48,FR
1247,P031,2023-02-18,2473.97,FR
1248,P011,2023-02-18,8069.84,FR
1249,P022,2023-02-19,1162.66,FR
1250,P036,2023-02-19,2696.45,FR
1251,P019,2023-02-19,4152.14,FR
1252,P036,2023-02-20,1078.58,FR
1253,P001,2023-02-20,1603.98,FR
1254,P031,2023-02-20,2473.97,FR
1255,P011,2023-02-20,6052.38,FR
1256,P008,2023-02-20,6519.84,FR
1257,P017,2023-02-20,6737.65,FR
1258,P025,2023-02-21,3189.36,FR
1259,P017,2023-02-21,5390.12,FR
1260,P018,2023-02-21,955.66,FR
1261,P007,2023-02-21,242.82,FR
1262,P015,2023-02-21,2121.02,FR
1263,P035,2023-02-22,3195.6,FR
1264,P020,2023-02-22,8625.36,FR
1265,P034,2023-02-22,2920.9,FR
1266,P029,2023-02-22,880.56,FR
1267,P009,2023-02-22,2251.16,FR
1268,P028,2023-02-22,3250.74,FR
1269,P005,2023-02-23,4253.92,FR
1270,P021,2023-02-23,8829.3,FR
1271,P034,2023-02-23,584.18,FR
1272,P010,2023-02-23,10132.15,FR
1273,P007,2023-02-23,404.7,FR
1274,P017,2023-02-23,5390.12,FR
1275,P012,2023-02-23,3442.08,FR
1276,P026,2023-02-23,3739.6,FR
1277,P004,2023-02-24,8928.28,FR
1278,P002,2023-02-24,2095.35,FR
1279,P032,2023-02-24,1399.02,FR
1280,P020,2023-02-24,8625.36,FR
1281,P027,2023-02-25,678.44,FR
1282,P014,2023-02-25,981.88,FR
1283,P033,2023-02-25,2109.49,FR
1284,P033,2023-02-25,4218.98,FR
1285,P013,2023-02-25,2393.67,FR
1286,P030,2023-02-25,1263.18,FR
1287,P024,2023-02-25,1329.95,FR
1288,P008,2023-02-25,1629.96,FR
1289,P029,2023-02-26,1761.12,FR
1290,P011,2023-02-26,2017.46,FR
1291,P025,2023-02-26,3189.36,FR
1292,P015,2023-02-26,4242.04,FR
1293,P027,2023-02-26,678.44,FR
1294,P009,2023-02-26,1125.58,FR
1295,P020,2023-02-27,6469.02,FR
1296,P023,2023-02-27,639.84,FR
1297,P020,2023-02-27,10781.7,FR
1298,P007,2023-02-27,404.7,FR
1299,P019,2023-02-27,2076.07,FR
1300,P018,2023-02-28,2866.98,FR
1301,P020,2023-02-28,4312.68,FR
1302,P026,2023-02-28,2804.7,FR
1303,P002,2023-02-28,2793.8,FR
1304,P027,2023-02-28,2713.76,FR
1305,P013,2023-03-01,4787.34,FR
1306,P023,2023-03-01,639.84,FR
1307,P036,2023-03-01,1617.87,FR
1308,P009,2023-03-01,1688.37,FR
1309,P022,2023-03-01,581.33,FR
1310,P015,2023-03-01,6363.06,FR
1311,P024,2023-03-01,1329.95,FR
1312,P008,2023-03-01,1629.96,FR
1313,P033,2023-03-02,8437.96,FR
1314,P004,2023-03-02,4464.14,FR
1315,P027,2023-03-02,2713.76,FR
1316,P012,2023-03-02,860.52,FR
1317,P012,2023-03-03,860.52,FR
1318,P018,2023-03-03,1911.32,FR
1319,P006,2023-03-03,2791.6,FR
1320,P028,2023-03-03,6501.48,FR
1321,P001,2023-03-03,8019.9,FR
1322,P024,2023-03-03,797.97,FR
1323,P001,2023-03-03,3207.96,FR
1324,P023,2023-03-03,426.56,FR
1325,P020,2023-03-04,2156.34,FR
1326,P019,2023-03-04,10380.35,FR
1327,P009,2023-03-04,2251.16,FR
1328,P013,2023-03-04,9574.68,FR
1329,P015,2023-03-04,4242.04,FR
1330,P002,2023-03-04,3492.25,FR
1331,P024,2023-03-04,265.99,FR
1332,P035,2023-03-05,798.9,FR
1333,P007,2023-03-05,80.94,FR
1334,P008,2023-03-05,6519.84,FR
1335,P036,2023-03-05,2157.16,FR
1336,P001,2023-03-05,6415.92,FR
1337,P018,2023-03-06,4778.3,FR
1338,P007,2023-03-06,404.7,FR
1339,P008,2023-03-06,6519.84,FR
1340,P013,2023-03-06,7181.01,FR
1341,P027,2023-03-06,1356.88,FR
1342,P032,2023-03-06,5596.08,FR
1343,P001,2023-03-06,1603.98,FR
1344,P032,2023-03-07,1399.02,FR
1345,P007,2023-03-07,161.88,FR
1346,P017,2023-03-07,1347.53,FR
1347,P003,2023-03-07,5535.39,FR
1348,P008,2023-03-07,1629.96,FR
1349,P011,2023-03-07,6052.38,FR
1350,P018,2023-03-07,955.66,FR
1351,P012,2023-03-07,3442.08,FR
1352,P025,2023-03-08,6378.72,FR
1353,P011,2023-03-08,4034.92,FR
1354,P007,2023-03-08,404.7,FR
1355,P029,2023-03-08,2201.4,FR
1356,P023,2023-03-08,213.28,FR
1357,P008,2023-03-09,6519.84,FR
1358,P017,2023-03-09,4042.59,FR
1359,P034,2023-03-09,2920.9,FR
1360,P022,2023-03-09,2906.65,FR
1361,P016,2023-03-09,6062.13,FR
1362,P036,2023-03-09,539.29,FR
1363,P033,2023-03-10,8437.96,FR
1364,P032,2023-03-10,2798.04,FR
1365,P004,2023-03-10,4464.14,FR
1366,P016,2023-03-10,8082.84,FR
1367,P006,2023-03-11,2233.28,FR
1368,P032,2023-03-11,1399.02,FR
1369,P027,2023-03-11,3392.2,FR
1370,P020,2023-03-11,10781.7,FR
1371,P030,2023-03-11,1263.18,FR
1372,P030,2023-03-11,2105.3,FR
1373,P024,2023-03-12,1063.96,FR
1374,P015,2023-03-12,6363.06,FR
1375,P019,2023-03-12,10380.35,FR
1376,P007,2023-03-12,161.88,FR
1377,P027,2023-03-12,2035.32,FR
1378,P008,2023-03-12,3259.92,FR
1379,P022,2023-03-12,2325.32,FR
1380,P008,2023-03-12,6519.84,FR
1381,P033,2023-03-13,8437.96,FR
1382,P004,2023-03-13,8928.28,FR
1383,P012,2023-03-13,4302.6,FR
1384,P009,2023-03-13,2251.16,FR
1385,P025,2023-03-13,7973.4,FR
1386,P026,2023-03-13,2804.7,FR
1387,P009,2023-03-13,2813.95,FR
1388,P021,2023-03-14,8829.3,FR
1389,P014,2023-03-14,736.41,FR
1390,P009,2023-03-14,1125.58,FR
1391,P008,2023-03-14,4889.88,FR
1392,P027,2023-03-14,3392.2,FR
1393,P001,2023-03-14,1603.98,FR
1394,P010,2023-03-14,2026.43,FR
1395,P019,2023-03-15,6228.21,FR
1396,P019,2023-03-15,10380.35,FR
1397,P029,2023-03-15,2201.4,FR
1398,P036,2023-03-15,1078.58,FR
1399,P004,2023-03-16,8928.28,FR
1400,P021,2023-03-16,1765.86,FR
1401,P017,2023-03-16,6737.65,FR
1402,P024,2023-03-16,1329.95,FR
1403,P013,2023-03-16,9574.68,FR
1404,P005,2023-03-16,2126.96,FR
1405,P003,2023-03-16,5535.39,FR
1406,P011,2023-03-16,6052.38,FR
1407,P010,2023-03-17,4052.86,FR
1408,P004,2023-03-17,11160.35,FR
1409,P036,2023-03-17,539.29,FR
1410,P015,2023-03-17,10605.1,FR
1411,P011,2023-03-17,10087.3,FR
1412,P023,2023-03-17,426.56,FR
1413,P019,2023-03-18,10380.35,FR
1414,P001,2023-03-18,4811.94,FR
1415,P016,2023-03-18,6062.13,FR
1416,P025,2023-03-18,7973.4,FR
1417,P034,2023-03-18,1752.54,FR
1418,P019,2023-03-19,4152.14,FR
1419,P006,2023-03-19,1116.64,FR
1420,P005,2023-03-19,2126.96,FR
1421,P035,2023-03-20,3195.6,FR
1422,P010,2023-03-20,8105.72,FR
1423,P006,2023-03-20,558.32,FR
1424,P036,2023-03-20,2696.45,FR
1425,P025,2023-03-21,6378.72,FR
1426,P002,2023-03-21,698.45,FR
1427,P005,2023-03-21,5317.4,FR
1428,P005,2023-03-21,5317.4,FR
1429,P020,2023-03-21,2156.34,FR
1430,P029,2023-03-21,1761.12,FR
1431,P035,2023-03-22,1597.8,FR
1432,P019,2023-03-22,4152.14,FR
1433,P024,2023-03-22,1329.95,FR
1434,P003,2023-03-22,9225.65,FR
1435,P006,2023-03-23,1116.64,FR
1436,P027,2023-03-23,3392.2,FR
1437,P012,2023-03-23,4302.6,FR
1438,P008,2023-03-23,8149.8,FR
1439,P036,2023-03-23,2696.45,FR
1440,P005,2023-03-23,1063.48,FR
1441,P032,2023-03-23,4197.06,FR
1442,P016,2023-03-24,6062.13,FR
1443,P021,2023-03-24,7063.44,FR
1444,P020,2023-03-24,10781.7,FR
1445,P024,2023-03-24,1063.96,FR
1446,P021,2023-03-24,3531.72,FR
1447,P024,2023-03-24,797.97,FR
1448,P029,2023-03-24,1320.84,FR
1449,P007,2023-03-24,404.7,FR
1450,P035,2023-03-25,2396.7,FR
1451,P005,2023-03-25,5317.4,FR
1452,P026,2023-03-25,4674.5,FR
1453,P036,2023-03-25,2696.45,FR
1454,P024,2023-03-26,531.98,FR
1455,P030,2023-03-26,2105.3,FR
1456,P024,2023-03-26,265.99,FR
1457,P011,2023-03-26,10087.3,FR
1458,P012,2023-03-27,4302.6,FR
1459,P031,2023-03-27,2473.97,FR
1460,P032,2023-03-27,1399.02,FR
1461,P015,2023-03-27,4242.04,FR
1462,P030,2023-03-28,421.06,FR
1463,P034,2023-03-28,1752.54,FR
1464,P035,2023-03-28,1597.8,FR
1465,P025,2023-03-28,7973.4,FR
1466,P017,2023-03-28,2695.06,FR
1467,P023,2023-03-28,853.12,FR
1468,P029,2023-03-29,880.56,FR
1469,P018,2023-03-29,1911.32,FR
1470,P024,2023-03-29,265.99,FR
1471,P022,2023-03-29,581.33,FR
1472,P031,2023-03-30,12369.85,FR
1473,P027,2023-03-30,1356.88,FR
1474,P011,2023-03-30,10087.3,FR
1475,P010,2023-03-30,4052.86,FR
1476,P034,2023-03-30,2920.9,FR
1477,P019,2023-03-30,4152.14,FR
1478,P031,2023-03-31,4947.94,FR
1479,P010,2023-03-31,4052.86,FR
1480,P022,2023-03-31,2906.65,FR
1481,P025,2023-03-31,3189.36,FR
1482,P013,2023-03-31,11968.35,FR
1483,P007,2023-03-31,323.76,FR
1484,P008,2023-04-01,6519.84,FR
1485,P035,2023-04-01,3195.6,FR
1486,P003,2023-04-01,9225.65,FR
1487,P031,2023-04-01,9895.88,FR
1488,P007,2023-04-01,161.88,FR
1489,P015,2023-04-01,6363.06,FR
1490,P013,2023-04-01,2393.67,FR
1491,P025,2023-04-02,3189.36,FR
1492,P024,2023-04-02,531.98,FR
1493,P017,2023-04-02,6737.65,FR
1494,P018,2023-04-03,3822.64,FR
1495,P036,2023-04-03,2157.16,FR
1496,P036,2023-04-03,2157.16,FR
1497,P023,2023-04-03,853.12,FR
1498,P008,2023-04-03,3259.92,FR
1499,P007,2023-04-04,404.7,FR
1500,P036,2023-04-04,539.29,FR
1501,P001,2023-04-04,3207.96,FR
1502,P028,2023-04-04,1625.37,FR
1503,P006,2023-04-05,558.32,FR
1504,P034,2023-04-05,2920.9,FR
1505,P012,2023-04-05,3442.08,FR
1506,P013,2023-04-05,11968.35,FR
1507,P003,2023-04-05,9225.65,FR
1508,P003,2023-04-06,3690.26,FR
1509,P006,2023-04-06,2233.28,FR
1510,P026,2023-04-06,4674.5,FR
1511,P001,2023-04-06,1603.98,FR
1512,P036,2023-04-07,1617.87,FR
1513,P015,2023-04-07,4242.04,FR
1514,P001,2023-04-07,3207.96,FR
1515,P007,2023-04-07,80.94,FR
1516,P008,2023-04-07,4889.88,FR
1517,P025,2023-04-08,6378.72,FR
1518,P022,2023-04-08,2325.32,FR
1519,P002,2023-04-08,698.45,FR
1520,P025,2023-04-08,3189.36,FR
1521,P027,2023-04-08,3392.2,FR
1522,P017,2023-04-08,4042.59,FR
1523,P022,2023-04-09,2906.65,FR
1524,P021,2023-04-09,3531.72,FR
1525,P013,2023-04-09,4787.34,FR
1526,P016,2023-04-09,4041.42,FR
1527,P016,2023-04-09,6062.13,FR
1528,P007,2023-04-09,80.94,FR
1529,P001,2023-04-09,8019.9,FR
1530,P024,2023-04-09,797.97,FR
1531,P032,2023-04-10,6995.1,FR
1532,P015,2023-04-10,10605.1,FR
1533,P034,2023-04-10,2336.72,FR
1534,P023,2023-04-10,426.56,FR
1535,P034,2023-04-10,1752.54,FR
1536,P014,2023-04-11,1227.35,FR
1537,P024,2023-04-11,797.97,FR
1538,P017,2023-04-11,4042.59,FR
1539,P022,2023-04-11,1162.66,FR
1540,P014,2023-04-11,736.41,FR
1541,P018,2023-04-11,1911.32,FR
1542,P015,2023-04-11,6363.06,FR
1543,P028,2023-04-11,3250.74,FR
1544,P031,2023-04-12,4947.94,FR
1545,P009,2023-04-12,2813.95,FR
1546,P020,2023-04-12,10781.7,FR
1547,P007,2023-04-12,161.88,FR
1548,P031,2023-04-13,2473.97,FR
1549,P022,2023-04-13,1743.99,FR
1550,P036,2023-04-13,1617.87,FR
1551,P008,2023-04-13,8149.8,FR
1552,P035,2023-04-13,2396.7,FR
1553,P033,2023-04-14,8437.96,FR
1554,P019,2023-04-14,4152.14,FR
1555,P022,2023-04-14,2906.65,FR
1556,P006,2023-04-14,1674.96,FR
1557,P021,2023-04-14,5297.58,FR
1558,P026,2023-04-14,3739.6,FR
1559,P034,2023-04-14,2336.72,FR
1560,P002,2023-04-14,1396.9,FR
1561,P006,2023-04-15,1116.64,FR
1562,P007,2023-04-15,323.76,FR
1563,P026,2023-04-15,934.9,FR
1564,P010,2023-04-15,8105.72,FR
1565,P016,2023-04-15,6062.13,FR
1566,P009,2023-04-15,2813.95,FR
1567,P003,2023-04-15,5535.39,FR
1568,P030,2023-04-15,1263.18,FR
1569,P035,2023-04-16,3994.5,FR
1570,P028,2023-04-16,8126.85,FR
1571,P031,2023-04-16,4947.94,FR
1572,P020,2023-04-16,8625.36,FR
1573,P020,2023-04-16,2156.34,FR
1574,P019,2023-04-16,10380.35,FR
1575,P032,2023-04-16,5596.08,FR
1576,P028,2023-04-16,8126.85,FR
1577,P024,2023-04-17,1063.96,FR
1578,P016,2023-04-17,8082.84,FR
1579,P017,2023-04-17,5390.12,FR
1580,P018,2023-04-17,4778.3,FR
1581,P013,2023-04-17,4787.34,FR
1582,P008,2023-04-17,6519.84,FR
1583,P032,2023-04-17,4197.06,FR
1584,P035,2023-04-18,1597.8,FR
1585,P018,2023-04-18,3822.64,FR
1586,P006,2023-04-18,558.32,FR
1587,P027,2023-04-19,2713.76,FR
1588,P003,2023-04-19,1845.13,FR
1589,P018,2023-04-19,3822.64,FR
1590,P031,2023-04-19,4947.94,FR
1591,P001,2023-04-19,3207.96,FR
1592,P016,2023-04-20,2020.71,FR
1593,P007,2023-04-20,161.88,FR
1594,P020,2023-04-20,4312.68,FR
1595,P036,2023-04-20,539.29,FR
1596,P020,2023-04-20,6469.02,FR
1597,P014,2023-04-20,490.94,FR
1598,P011,2023-04-21,10087.3,FR
1599,P016,2023-04-21,2020.71,FR
1600,P010,2023-04-21,2026.43,FR
1601,P006,2023-04-22,2791.6,FR
1602,P004,2023-04-22,6696.21,FR
1603,P035,2023-04-22,1597.8,FR
1604,P021,2023-04-22,5297.58,FR
1605,P013,2023-04-22,9574.68,FR
1606,P009,2023-04-22,562.79,FR
1607,P036,2023-04-23,2696.45,FR
1608,P012,2023-04-23,2581.56,FR
1609,P030,2023-04-23,2105.3,FR
1610,P034,2023-04-23,2336.72,FR
1611,P035,2023-04-23,3195.6,FR
1612,P033,2023-04-23,4218.98,FR
1613,P016,2023-04-24,2020.71,FR
1614,P034,2023-04-24,2336.72,FR
1615,P019,2023-04-24,8304.28,FR
1616,P007,2023-04-24,80.94,FR
1617,P012,2023-04-24,1721.04,FR
1618,P007,2023-04-25,404.7,FR
1619,P032,2023-04-25,6995.1,FR
1620,P024,2023-04-25,1329.95,FR
1621,P014,2023-04-25,981.88,FR
1622,P004,2023-04-26,11160.35,FR
1623,P004,2023-04-26,6696.21,FR
1624,P005,2023-04-26,1063.48,FR
1625,P007,2023-04-26,161.88,FR
1626,P013,2023-04-26,4787.34,FR
1627,P036,2023-04-26,539.29,FR
1628,P030,2023-04-26,1684.24,FR
1629,P012,2023-04-26,3442.08,FR
1630,P035,2023-04-27,3195.6,FR
1631,P036,2023-04-27,1617.87,FR
1632,P028,2023-04-27,4876.11,FR
1633,P035,2023-04-27,3195.6,FR
1634,P029,2023-04-28,440.28,FR
1635,P002,2023-04-28,1396.9,FR
1636,P020,2023-04-28,4312.68,FR
1637,P018,2023-04-28,4778.3,FR
1638,P003,2023-04-28,5535.39,FR
1639,P017,2023-04-28,6737.65,FR
1640,P020,2023-04-29,10781.7,FR
1641,P014,2023-04-29,245.47,FR
1642,P012,2023-04-29,4302.6,FR
1643,P020,2023-04-29,10781.7,FR
1644,P004,2023-04-29,6696.21,FR
1645,P008,2023-04-30,3259.92,FR
1646,P025,2023-04-30,4784.04,FR
1647,P035,2023-04-30,1597.8,FR
1648,P015,2023-04-30,2121.02,FR
1649,P033,2023-04-30,4218.98,FR
1650,P026,2023-04-30,1869.8,FR
1651,P004,2023-05-01,8928.28,FR
1652,P026,2023-05-01,3739.6,FR
1653,P009,2023-05-01,2813.95,FR
1654,P026,2023-05-01,4674.5,FR
1655,P034,2023-05-01,1168.36,FR
1656,P028,2023-05-01,8126.85,FR
1657,P027,2023-05-02,2035.32,FR
1658,P021,2023-05-02,8829.3,FR
1659,P020,2023-05-02,6469.02,FR
1660,P010,2023-05-02,2026.43,FR
1661,P024,2023-05-02,265.99,FR
1662,P004,2023-05-02,11160.35,FR
1663,P001,2023-05-02,1603.98,FR
1664,P031,2023-05-02,7421.91,FR
1665,P014,2023-05-03,1227.35,FR
1666,P031,2023-05-03,4947.94,FR
1667,P034,2023-05-03,1752.54,FR
1668,P019,2023-05-03,10380.35,FR
1669,P030,2023-05-03,421.06,FR
1670,P018,2023-05-03,2866.98,FR
1671,P019,2023-05-03,8304.28,FR
1672,P007,2023-05-04,323.76,FR
1673,P013,2023-05-04,9574.68,FR
1674,P016,2023-05-04,6062.13,FR
1675,P026,2023-05-04,1869.8,FR
1676,P023,2023-05-04,639.84,FR
1677,P018,2023-05-04,2866.98,FR
1678,P036,2023-05-04,1078.58,FR
1679,P009,2023-05-05,2251.16,FR
1680,P016,2023-05-05,4041.42,FR
1681,P022,2023-05-05,2906.65,FR
1682,P009,2023-05-05,2813.95,FR
1683,P020,2023-05-05,10781.7,FR
1684,P010,2023-05-05,10132.15,FR
1685,P036,2023-05-06,539.29,FR
1686,P010,2023-05-06,2026.43,FR
1687,P027,2023-05-06,2713.76,FR
1688,P007,2023-05-07,161.88,FR
1689,P018,2023-05-07,4778.3,FR
1690,P015,2023-05-07,2121.02,FR
1691,P031,2023-05-07,12369.85,FR
1692,P024,2023-05-08,1063.96,FR
1693,P009,2023-05-08,1125.58,FR
1694,P027,2023-05-08,678.44,FR
1695,P015,2023-05-08,4242.04,FR
1696,P012,2023-05-08,4302.6,FR
1697,P021,2023-05-08,3531.72,FR
1698,P003,2023-05-08,7380.52,FR
1699,P035,2023-05-08,798.9,FR
1700,P003,2023-05-09,9225.65,FR
1701,P003,2023-05-09,7380.52,FR
1702,P019,2023-05-09,8304.28,FR
1703,P019,2023-05-09,4152.14,FR
1704,P004,2023-05-09,11160.35,FR
1705,P029,2023-05-09,2201.4,FR
1706,P035,2023-05-10,3195.6,FR
1707,P029,2023-05-10,880.56,FR
1708,P013,2023-05-10,2393.67,FR
1709,P011,2023-05-10,2017.46,FR
1710,P029,2023-05-10,1320.84,FR
1711,P025,2023-05-10,7973.4,FR
1712,P036,2023-05-10,539.29,FR
1713,P010,2023-05-11,4052.86,FR
1714,P004,2023-05-11,6696.21,FR
1715,P029,2023-05-11,880.56,FR
1716,P013,2023-05-11,11968.35,FR
1717,P030,2023-05-11,1684.24,FR
1718,P032,2023-05-11,2798.04,FR
1719,P027,2023-05-11,678.44,FR
1720,P018,2023-05-12,4778.3,FR
1721,P012,2023-05-12,860.52,FR
1722,P010,2023-05-12,10132.15,FR
1723,P006,2023-05-12,558.32,FR
1724,P011,2023-05-12,6052.38,FR
1725,P024,2023-05-12,265.99,FR
1726,P024,2023-05-12,265.99,FR
1727,P019,2023-05-13,4152.14,FR
1728,P018,2023-05-13,4778.3,FR
1729,P014,2023-05-13,490.94,FR
1730,P034,2023-05-14,2336.72,FR
1731,P021,2023-05-14,8829.3,FR
1732,P032,2023-05-14,5596.08,FR
1733,P015,2023-05-14,6363.06,FR
1734,P008,2023-05-14,6519.84,FR
1735,P014,2023-05-14,981.88,FR
1736,P022,2023-05-14,2906.65,FR
1737,P013,2023-05-15,7181.01,FR
1738,P020,2023-05-15,10781.7,FR
1739,P001,2023-05-15,4811.94,FR
1740,P002,2023-05-15,1396.9,FR
1741,P031,2023-05-15,2473.97,FR
1742,P010,2023-05-15,8105.72,FR
1743,P027,2023-05-15,678.44,FR
1744,P021,2023-05-15,8829.3,FR
1745,P022,2023-05-16,581.33,FR
1746,P002,2023-05-16,2793.8,FR
1747,P025,2023-05-16,7973.4,FR
1748,P020,2023-05-16,6469.02,FR
1749,P027,2023-05-16,2713.76,FR
1750,P029,2023-05-16,880.56,FR
1751,P008,2023-05-16,1629.96,FR
1752,P033,2023-05-17,8437.96,FR
1753,P022,2023-05-17,2906.65,FR
1754,P021,2023-05-17,1765.86,FR
1755,P003,2023-05-17,7380.52,FR
1756,P020,2023-05-17,10781.7,FR
1757,P030,2023-05-17,421.06,FR
1758,P020,2023-05-18,4312.68,FR
1759,P013,2023-05-18,7181.01,FR
1760,P029,2023-05-18,440.28,FR
1761,P011,2023-05-18,2017.46,FR
1762,P036,2023-05-18,539.29,FR
1763,P023,2023-05-18,639.84,FR
1764,P019,2023-05-18,4152.14,FR
1765,P022,2023-05-19,2325.32,FR
1766,P002,2023-05-19,698.45,FR
1767,P004,2023-05-19,8928.28,FR
1768,P029,2023-05-19,1320.84,FR
1769,P013,2023-05-19,11968.35,FR
1770,P009,2023-05-20,2251.16,FR
1771,P020,2023-05-20,8625.36,FR
1772,P015,2023-05-20,10605.1,FR
1773,P026,2023-05-20,2804.7,FR
1774,P032,2023-05-20,1399.02,FR
1775,P023,2023-05-20,853.12,FR
1776,P009,2023-05-21,562.79,FR
1777,P007,2023-05-21,404.7,FR
1778,P035,2023-05-21,3195.6,FR
1779,P016,2023-05-21,4041.42,FR
1780,P005,2023-05-21,2126.96,FR
1781,P022,2023-05-22,1162.66,FR
1782,P005,2023-05-22,5317.4,FR
1783,P030,2023-05-22,2105.3,FR
1784,P012,2023-05-22,3442.08,FR
1785,P007,2023-05-22,404.7,FR
1786,P032,2023-05-22,1399.02,FR
1787,P009,2023-05-22,562.79,FR
1788,P029,2023-05-23,1320.84,FR
1789,P029,2023-05-23,880.56,FR
1790,P020,2023-05-23,6469.02,FR
1791,P001,2023-05-23,8019.9,FR
1792,P004,2023-05-24,11160.35,FR
1793,P036,2023-05-24,539.29,FR
1794,P016,2023-05-24,10103.55,FR
1795,P021,2023-05-24,7063.44,FR
1796,P028,2023-05-24,3250.74,FR
1797,P013,2023-05-25,9574.68,FR
1798,P010,2023-05-25,4052.86,FR
1799,P005,2023-05-25,1063.48,FR
1800,P032,2023-05-25,5596.08,FR
1801,P027,2023-05-26,3392.2,FR
1802,P012,2023-05-26,4302.6,FR
1803,P029,2023-05-26,1320.84,FR
1804,P028,2023-05-26,1625.37,FR
1805,P033,2023-05-27,8437.96,FR
1806,P003,2023-05-27,7380.52,FR
1807,P031,2023-05-27,2473.97,FR
1808,P034,2023-05-27,1752.54,FR
1809,P034,2023-05-28,584.18,FR
1810,P005,2023-05-28,5317.4,FR
1811,P004,2023-05-28,11160.35,FR
1812,P033,2023-05-29,10547.45,FR
1813,P023,2023-05-29,639.84,FR
1814,P020,2023-05-29,10781.7,FR
1815,P031,2023-05-29,4947.94,FR
1816,P019,2023-05-29,10380.35,FR
1817,P032,2023-05-29,2798.04,FR
1818,P009,2023-05-30,1688.37,FR
1819,P001,2023-05-30,1603.98,FR
1820,P010,2023-05-30,8105.72,FR
1821,P017,2023-05-30,2695.06,FR
1822,P034,2023-05-30,1752.54,FR
1823,P010,2023-05-31,8105.72,FR
1824,P029,2023-05-31,880.56,FR
1825,P023,2023-05-31,639.84,FR
1826,P011,2023-05-31,8069.84,FR
1827,P031,2023-05-31,12369.85,FR
1828,P025,2023-05-31,4784.04,FR
1829,P028,2023-05-31,4876.11,FR
1830,P021,2023-06-01,1765.86,FR
1831,P023,2023-06-01,1066.4,FR
1832,P018,2023-06-01,955.66,FR
1833,P026,2023-06-01,1869.8,FR
1834,P022,2023-06-01,1162.66,FR
1835,P001,2023-06-01,1603.98,FR
1836,P027,2023-06-01,3392.2,FR
1837,P029,2023-06-01,880.56,FR
1838,P003,2023-06-02,9225.65,FR
1839,P014,2023-06-02,245.47,FR
1840,P009,2023-06-02,2813.95,FR
1841,P012,2023-06-02,2581.56,FR
1842,P030,2023-06-03,1684.24,FR
1843,P011,2023-06-03,2017.46,FR
1844,P004,2023-06-03,8928.28,FR
1845,P017,2023-06-04,5390.12,FR
1846,P013,2023-06-04,9574.68,FR
1847,P032,2023-06-04,2798.04,FR
1848,P007,2023-06-04,242.82,FR
1849,P005,2023-06-04,5317.4,FR
1850,P002,2023-06-05,1396.9,FR
1851,P025,2023-06-05,3189.36,FR
1852,P001,2023-06-05,6415.92,FR
1853,P026,2023-06-05,934.9,FR
1854,P025,2023-06-05,6378.72,FR
1855,P035,2023-06-05,2396.7,FR
1856,P006,2023-06-06,2791.6,FR
1857,P030,2023-06-06,1263.18,FR
1858,P036,2023-06-06,2157.16,FR
1859,P025,2023-06-07,4784.04,FR
1860,P029,2023-06-07,880.56,FR
1861,P013,2023-06-07,11968.35,FR
1862,P025,2023-06-07,7973.4,FR
1863,P035,2023-06-07,798.9,FR
1864,P004,2023-06-07,2232.07,FR
1865,P014,2023-06-07,1227.35,FR
1866,P035,2023-06-07,3994.5,FR
1867,P010,2023-06-08,2026.43,FR
1868,P003,2023-06-08,3690.26,FR
1869,P004,2023-06-08,2232.07,FR
1870,P005,2023-06-09,1063.48,FR
1871,P015,2023-06-09,4242.04,FR
1872,P026,2023-06-09,934.9,FR
1873,P014,2023-06-09,245.47,FR
1874,P008,2023-06-10,3259.92,FR
1875,P024,2023-06-10,531.98,FR
1876,P003,2023-06-10,1845.13,FR
1877,P002,2023-06-11,698.45,FR
1878,P012,2023-06-11,4302.6,FR
1879,P031,2023-06-11,4947.94,FR
1880,P018,2023-06-11,3822.64,FR
1881,P003,2023-06-12,3690.26,FR
1882,P006,2023-06-12,1674.96,FR
1883,P001,2023-06-12,3207.96,FR
1884,P034,2023-06-12,2920.9,FR
1885,P033,2023-06-13,8437.96,FR
1886,P004,2023-06-13,2232.07,FR
1887,P031,2023-06-13,4947.94,FR
1888,P003,2023-06-13,5535.39,FR
1889,P028,2023-06-13,4876.11,FR
1890,P007,2023-06-13,80.94,FR
1891,P002,2023-06-13,3492.25,FR
1892,P029,2023-06-14,2201.4,FR
1893,P013,2023-06-14,7181.01,FR
1894,P008,2023-06-14,3259.92,FR
1895,P027,2023-06-14,2713.76,FR
1896,P032,2023-06-15,5596.08,FR
1897,P030,2023-06-15,1684.24,FR
1898,P030,2023-06-15,842.12,FR
1899,P013,2023-06-15,4787.34,FR
1900,P004,2023-06-15,4464.14,FR
1901,P030,2023-06-15,842.12,FR
1902,P011,2023-06-16,10087.3,FR
1903,P036,2023-06-16,539.29,FR
1904,P032,2023-06-16,6995.1,FR
1905,P018,2023-06-16,3822.64,FR
1906,P021,2023-06-16,8829.3,FR
1907,P001,2023-06-17,1603.98,FR
1908,P033,2023-06-17,8437.96,FR
1909,P007,2023-06-17,323.76,FR
1910,P036,2023-06-17,539.29,FR
1911,P023,2023-06-18,426.56,FR
1912,P031,2023-06-18,7421.91,FR
1913,P030,2023-06-18,2105.3,FR
1914,P030,2023-06-18,842.12,FR
1915,P030,2023-06-19,421.06,FR
1916,P022,2023-06-19,581.33,FR
1917,P018,2023-06-19,4778.3,FR
1918,P006,2023-06-19,1674.96,FR
1919,P024,2023-06-19,265.99,FR
1920,P003,2023-06-20,5535.39,FR
1921,P036,2023-06-20,539.29,FR
1922,P022,2023-06-20,2906.65,FR
1923,P031,2023-06-20,12369.85,FR
1924,P015,2023-06-20,6363.06,FR
1925,P028,2023-06-20,1625.37,FR
1926,P029,2023-06-21,2201.4,FR
1927,P035,2023-06-21,3994.5,FR
1928,P024,2023-06-21,265.99,FR
1929,P006,2023-06-21,2233.28,FR
1930,P005,2023-06-21,2126.96,FR
1931,P010,2023-06-22,4052.86,FR
1932,P002,2023-06-22,2793.8,FR
1933,P023,2023-06-22,853.12,FR
1934,P013,2023-06-22,2393.67,FR
1935,P022,2023-06-22,2906.65,FR
1936,P021,2023-06-22,8829.3,FR
1937,P020,2023-06-22,4312.68,FR
1938,P017,2023-06-22,5390.12,FR
1939,P010,2023-06-23,6079.29,FR
1940,P011,2023-06-23,10087.3,FR
1941,P012,2023-06-23,1721.04,FR
1942,P003,2023-06-24,9225.65,FR
1943,P017,2023-06-24,2695.06,FR
1944,P003,2023-06-24,5535.39,FR
1945,P029,2023-06-25,880.56,FR
1946,P002,2023-06-25,2793.8,FR
1947,P021,2023-06-25,1765.86,FR
1948,P019,2023-06-25,6228.21,FR
1949,P029,2023-06-25,440.28,FR
1950,P036,2023-06-26,1617.87,FR
1951,P015,2023-06-26,6363.06,FR
1952,P004,2023-06-26,4464.14,FR
1953,P018,2023-06-26,955.66,FR
1954,P006,2023-06-27,2233.28,FR
1955,P021,2023-06-27,8829.3,FR
1956,P024,2023-06-27,531.98,FR
1957,P025,2023-06-27,1594.68,FR
1958,P023,2023-06-27,853.12,FR
1959,P029,2023-06-27,1761.12,FR
1960,P028,2023-06-28,6501.48,FR
1961,P006,2023-06-28,1116.64,FR
1962,P034,2023-06-28,584.18,FR
1963,P001,2023-06-28,4811.94,FR
1964,P030,2023-06-29,2105.3,FR
1965,P012,2023-06-29,2581.56,FR
1966,P020,2023-06-29,6469.02,FR
1967,P030,2023-06-29,421.06,FR
1968,P017,2023-06-29,5390.12,FR
1969,P019,2023-06-29,4152.14,FR
1970,P016,2023-06-29,2020.71,FR
1971,P024,2023-06-30,1063.96,FR
1972,P031,2023-06-30,2473.97,FR
1973,P002,2023-06-30,1396.9,FR
1974,P030,2023-07-01,842.12,FR
1975,P004,2023-07-01,6696.21,FR
1976,P023,2023-07-01,639.84,FR
1977,P005,2023-07-01,2126.96,FR
1978,P007,2023-07-01,161.88,FR
1979,P020,2023-07-02,6469.02,FR
1980,P023,2023-07-02,213.28,FR
1981,P019,2023-07-02,8304.28,FR
1982,P011,2023-07-02,4034.92,FR
1983,P015,2023-07-02,10605.1,FR
1984,P030,2023-07-02,421.06,FR
1985,P031,2023-07-02,7421.91,FR
1986,P029,2023-07-02,2201.4,FR
1987,P020,2023-07-03,2156.34,FR
1988,P010,2023-07-03,4052.86,FR
1989,P014,2023-07-03,245.47,FR
1990,P008,2023-07-03,1629.96,FR
1991,P028,2023-07-03,3250.74,FR
1992,P033,2023-07-03,2109.49,FR
1993,P017,2023-07-03,1347.53,FR
1994,P001,2023-07-03,1603.98,FR
1995,P013,2023-07-04,7181.01,FR
1996,P010,2023-07-04,6079.29,FR
1997,P011,2023-07-04,10087.3,FR
1998,P005,2023-07-04,5317.4,FR
1999,P013,2023-07-05,4787.34,FR
2000,P007,2023-07-05,404.7,FR
2001,P012,2023-07-05,860.52,FR
2002,P025,2023-07-05,3189.36,FR
2003,P021,2023-07-06,7063.44,FR
2004,P009,2023-07-06,1688.37,FR
2005,P003,2023-07-06,5535.39,FR
2006,P019,2023-07-07,10380.35,FR
2007,P029,2023-07-07,2201.4,FR
2008,P028,2023-07-07,1625.37,FR
2009,P024,2023-07-07,265.99,FR
2010,P007,2023-07-07,323.76,FR
2011,P010,2023-07-07,8105.72,FR
2012,P005,2023-07-08,2126.96,FR
2013,P026,2023-07-08,1869.8,FR
2014,P032,2023-07-08,6995.1,FR
2015,P026,2023-07-08,3739.6,FR
2016,P018,2023-07-09,3822.64,FR
2017,P017,2023-07-09,5390.12,FR
2018,P009,2023-07-09,562.79,FR
2019,P032,2023-07-09,1399.02,FR
2020,P021,2023-07-09,5297.58,FR
2021,P005,2023-07-09,5317.4,FR
2022,P013,2023-07-09,9574.68,FR
2023,P035,2023-07-10,3994.5,FR
2024,P003,2023-07-10,1845.13,FR
2025,P021,2023-07-10,7063.44,FR
2026,P003,2023-07-10,9225.65,FR
2027,P011,2023-07-10,8069.84,FR
2028,P025,2023-07-11,1594.68,FR
2029,P036,2023-07-11,2696.45,FR
2030,P036,2023-07-11,2696.45,FR
2031,P017,2023-07-11,6737.65,FR
2032,P023,2023-07-11,639.84,FR
2033,P002,2023-07-11,698.45,FR
2034,P023,2023-07-11,1066.4,FR
2035,P022,2023-07-11,581.33,FR
2036,P027,2023-07-12,678.44,FR
2037,P016,2023-07-12,6062.13,FR
2038,P005,2023-07-12,1063.48,FR
2039,P002,2023-07-12,2095.35,FR
2040,P028,2023-07-12,8126.85,FR
2041,P031,2023-07-13,2473.97,FR
2042,P025,2023-07-13,7973.4,FR
2043,P007,2023-07-13,161.88,FR
2044,P022,2023-07-14,2906.65,FR
2045,P028,2023-07-14,6501.48,FR
2046,P014,2023-07-14,736.41,FR
2047,P026,2023-07-14,4674.5,FR
2048,P007,2023-07-14,242.82,FR
2049,P034,2023-07-14,2336.72,FR
2050,P005,2023-07-14,3190.44,FR
2051,P035,2023-07-15,1597.8,FR
2052,P017,2023-07-15,6737.65,FR
2053,P036,2023-07-15,539.29,FR
2054,P032,2023-07-15,5596.08,FR
2055,P035,2023-07-15,3195.6,FR
2056,P013,2023-07-15,9574.68,FR
2057,P010,2023-07-15,6079.29,FR
2058,P021,2023-07-15,3531.72,FR
2059,P011,2023-07-16,10087.3,FR
2060,P016,2023-07-16,4041.42,FR
2061,P016,2023-07-16,8082.84,FR
2062,P028,2023-07-16,1625.37,FR
2063,P018,2023-07-16,955.66,FR
2064,P036,2023-07-17,539.29,FR
2065,P004,2023-07-17,6696.21,FR
2066,P027,2023-07-17,678.44,FR
2067,P009,2023-07-17,562.79,FR
2068,P034,2023-07-17,2336.72,FR
2069,P008,2023-07-17,4889.88,FR
2070,P025,2023-07-17,3189.36,FR
2071,P010,2023-07-17,4052.86,FR
2072,P027,2023-07-18,3392.2,FR
2073,P035,2023-07-18,798.9,FR
2074,P028,2023-07-18,3250.74,FR
2075,P024,2023-07-18,797.97,FR
2076,P003,2023-07-18,1845.13,FR
2077,P036,2023-07-18,1617.87,FR
2078,P035,2023-07-19,3195.6,FR
2079,P026,2023-07-19,2804.7,FR
2080,P016,2023-07-19,4041.42,FR
2081,P021,2023-07-20,7063.44,FR
2082,P006,2023-07-20,2233.28,FR
2083,P027,2023-07-20,2713.76,FR
2084,P017,2023-07-20,1347.53,FR
2085,P036,2023-07-20,1617.87,FR
2086,P002,2023-07-20,698.45,FR
2087,P029,2023-07-20,880.56,FR
2088,P013,2023-07-20,7181.01,FR
2089,P008,2023-07-21,3259.92,FR
2090,P027,2023-07-21,2713.76,FR
2091,P009,2023-07-21,1125.58,FR
2092,P006,2023-07-22,1674.96,FR
2093,P025,2023-07-22,3189.36,FR
2094,P036,2023-07-22,2696.45,FR
2095,P030,2023-07-22,1263.18,FR
2096,P028,2023-07-23,4876.11,FR
2097,P024,2023-07-23,1329.95,FR
2098,P034,2023-07-23,2336.72,FR
2099,P015,2023-07-23,4242.04,FR
2100,P019,2023-07-23,8304.28,FR
2101,P028,2023-07-23,8126.85,FR
2102,P013,2023-07-24,4787.34,FR
2103,P002,2023-07-24,2095.35,FR
2104,P029,2023-07-24,1320.84,FR
2105,P001,2023-07-24,3207.96,FR
2106,P026,2023-07-24,1869.8,FR
2107,P028,2023-07-24,8126.85,FR
2108,P007,2023-07-24,80.94,FR
2109,P016,2023-07-24,6062.13,FR
2110,P033,2023-07-25,8437.96,FR
2111,P024,2023-07-25,1329.95,FR
2112,P012,2023-07-25,1721.04,FR
2113,P030,2023-07-25,421.06,FR
2114,P034,2023-07-25,1168.36,FR
2115,P003,2023-07-26,7380.52,FR
2116,P024,2023-07-26,797.97,FR
2117,P017,2023-07-26,4042.59,FR
2118,P021,2023-07-26,7063.44,FR
2119,P029,2023-07-26,880.56,FR
2120,P012,2023-07-27,3442.08,FR
2121,P030,2023-07-27,421.06,FR
2122,P029,2023-07-27,2201.4,FR
2123,P032,2023-07-27,2798.04,FR
2124,P014,2023-07-28,490.94,FR
2125,P033,2023-07-28,10547.45,FR
2126,P001,2023-07-28,8019.9,FR
2127,P016,2023-07-29,8082.84,FR
2128,P002,2023-07-29,698.45,FR
2129,P007,2023-07-29,161.88,FR
2130,P031,2023-07-30,7421.91,FR
2131,P003,2023-07-30,9225.65,FR
2132,P009,2023-07-30,562.79,FR
2133,P004,2023-07-30,2232.07,FR
2134,P026,2023-07-30,1869.8,FR
2135,P026,2023-07-30,934.9,FR
2136,P026,2023-07-31,1869.8,FR
2137,P032,2023-07-31,4197.06,FR
2138,P007,2023-07-31,404.7,FR
2139,P029,2023-07-31,1761.12,FR
2140,P028,2023-07-31,6501.48,FR
2141,P012,2023-07-31,3442.08,FR
2142,P022,2023-08-01,1162.66,FR
2143,P034,2023-08-01,2920.9,FR
2144,P030,2023-08-01,421.06,FR
2145,P010,2023-08-01,6079.29,FR
2146,P028,2023-08-01,8126.85,FR
2147,P005,2023-08-01,5317.4,FR
2148,P028,2023-08-01,1625.37,FR
2149,P017,2023-08-02,4042.59,FR
2150,P033,2023-08-02,2109.49,FR
2151,P012,2023-08-02,860.52,FR
2152,P020,2023-08-02,10781.7,FR
2153,P029,2023-08-02,1320.84,FR
2154,P014,2023-08-02,245.47,FR
2155,P007,2023-08-02,404.7,FR
2156,P026,2023-08-02,934.9,FR
2157,P030,2023-08-03,1684.24,FR
2158,P024,2023-08-03,1063.96,FR
2159,P009,2023-08-03,562.79,FR
2160,P002,2023-08-03,1396.9,FR
2161,P031,2023-08-03,4947.94,FR
2162,P035,2023-08-03,798.9,FR
2163,P010,2023-08-04,8105.72,FR
2164,P011,2023-08-04,8069.84,FR
2165,P002,2023-08-04,3492.25,FR
2166,P019,2023-08-04,8304.28,FR
2167,P001,2023-08-04,6415.92,FR
2168,P036,2023-08-04,539.29,FR
2169,P033,2023-08-05,10547.45,FR
2170,P004,2023-08-05,2232.07,FR
2171,P021,2023-08-05,1765.86,FR
2172,P027,2023-08-05,678.44,FR
2173,P023,2023-08-05,853.12,FR
2174,P019,2023-08-05,4152.14,FR
2175,P015,2023-08-06,4242.04,FR
2176,P030,2023-08-06,1263.18,FR
2177,P024,2023-08-06,531.98,FR
2178,P006,2023-08-06,2233.28,FR
2179,P013,2023-08-06,11968.35,FR
2180,P027,2023-08-06,2035.32,FR
2181,P004,2023-08-07,6696.21,FR
2182,P011,2023-08-07,10087.3,FR
2183,P022,2023-08-07,581.33,FR
2184,P036,2023-08-07,2157.16,FR
2185,P023,2023-08-07,213.28,FR
2186,P033,2023-08-07,2109.49,FR
2187,P030,2023-08-07,421.06,FR
2188,P007,2023-08-08,80.94,FR
2189,P008,2023-08-08,4889.88,FR
2190,P019,2023-08-08,8304.28,FR
2191,P007,2023-08-08,242.82,FR
2192,P008,2023-08-08,6519.84,FR
2193,P001,2023-08-08,6415.92,FR
2194,P033,2023-08-08,2109.49,FR
2195,P027,2023-08-09,1356.88,FR
2196,P034,2023-08-09,1168.36,FR
2197,P027,2023-08-09,2713.76,FR
2198,P029,2023-08-09,440.28,FR
2199,P022,2023-08-09,2325.32,FR
2200,P004,2023-08-09,2232.07,FR
2201,P004,2023-08-09,11160.35,FR
2202,P026,2023-08-09,4674.5,FR
2203,P021,2023-08-10,1765.86,FR
2204,P010,2023-08-10,8105.72,FR
2205,P014,2023-08-10,1227.35,FR
2206,P023,2023-08-10,853.12,FR
2207,P006,2023-08-10,2791.6,FR
2208,P009,2023-08-10,2813.95,FR
2209,P006,2023-08-10,2791.6,FR
2210,P022,2023-08-10,1162.66,FR
2211,P017,2023-08-11,4042.59,FR
2212,P008,2023-08-11,1629.96,FR
2213,P033,2023-08-11,2109.49,FR
2214,P008,2023-08-11,4889.88,FR
2215,P022,2023-08-11,2906.65,FR
2216,P020,2023-08-11,10781.7,FR
2217,P025,2023-08-11,3189.36,FR
2218,P013,2023-08-12,7181.01,FR
2219,P010,2023-08-12,8105.72,FR
2220,P006,2023-08-12,2233.28,FR
2221,P014,2023-08-12,245.47,FR
2222,P034,2023-08-12,2920.9,FR
2223,P032,2023-08-12,5596.08,FR
2224,P032,2023-08-12,5596.08,FR
2225,P009,2023-08-13,2251.16,FR
2226,P033,2023-08-13,2109.49,FR
2227,P031,2023-08-13,4947.94,FR
2228,P027,2023-08-13,678.44,FR
2229,P019,2023-08-13,10380.35,FR
2230,P024,2023-08-13,797.97,FR
2231,P032,2023-08-13,2798.04,FR
2232,P004,2023-08-14,6696.21,FR
2233,P032,2023-08-14,1399.02,FR
2234,P003,2023-08-14,7380.52,FR
2235,P029,2023-08-14,1761.12,FR
2236,P009,2023-08-14,1125.58,FR
2237,P029,2023-08-14,1761.12,FR
2238,P006,2023-08-15,2791.6,FR
2239,P015,2023-08-15,6363.06,FR
2240,P029,2023-08-15,1320.84,FR
2241,P002,2023-08-15,2095.35,FR
2242,P036,2023-08-15,1078.58,FR
2243,P013,2023-08-16,9574.68,FR
2244,P035,2023-08-16,798.9,FR
2245,P016,2023-08-16,10103.55,FR
2246,P035,2023-08-16,2396.7,FR
2247,P003,2023-08-16,1845.13,FR
2248,P012,2023-08-16,860.52,FR
2249,P017,2023-08-16,1347.53,FR
2250,P019,2023-08-17,4152.14,FR
2251,P006,2023-08-17,1674.96,FR
2252,P011,2023-08-17,10087.3,FR
2253,P002,2023-08-17,698.45,FR
2254,P021,2023-08-18,7063.44,FR
2255,P025,2023-08-18,1594.68,FR
2256,P016,2023-08-18,10103.55,FR
2257,P004,2023-08-19,8928.28,FR
2258,P031,2023-08-19,9895.88,FR
2259,P018,2023-08-19,4778.3,FR
2260,P036,2023-08-19,1078.58,FR
2261,P027,2023-08-19,678.44,FR
2262,P035,2023-08-20,1597.8,FR
2263,P029,2023-08-20,440.28,FR
2264,P019,2023-08-20,4152.14,FR
2265,P031,2023-08-20,12369.85,FR
2266,P025,2023-08-20,3189.36,FR
2267,P035,2023-08-21,798.9,FR
2268,P026,2023-08-21,934.9,FR
2269,P036,2023-08-21,2157.16,FR
2270,P033,2023-08-21,6328.47,FR
2271,P029,2023-08-22,880.56,FR
2272,P014,2023-08-22,1227.35,FR
2273,P009,2023-08-22,562.79,FR
2274,P001,2023-08-22,3207.96,FR
2275,P032,2023-08-22,5596.08,FR
2276,P005,2023-08-22,1063.48,FR
2277,P008,2023-08-22,6519.84,FR
2278,P012,2023-08-22,860.52,FR
2279,P013,2023-08-23,2393.67,FR
2280,P002,2023-08-23,2095.35,FR
2281,P006,2023-08-23,1674.96,FR
2282,P032,2023-08-23,1399.02,FR
2283,P014,2023-08-23,490.94,FR
2284,P033,2023-08-24,4218.98,FR
2285,P012,2023-08-24,4302.6,FR
2286,P005,2023-08-24,3190.44,FR
2287,P018,2023-08-24,955.66,FR
2288,P036,2023-08-24,539.29,FR
2289,P004,2023-08-25,8928.28,FR
2290,P008,2023-08-25,8149.8,FR
2291,P024,2023-08-25,265.99,FR
2292,P018,2023-08-25,4778.3,FR
2293,P001,2023-08-25,3207.96,FR
2294,P002,2023-08-25,1396.9,FR
2295,P016,2023-08-25,4041.42,FR
2296,P005,2023-08-25,1063.48,FR
2297,P002,2023-08-26,2095.35,FR
2298,P007,2023-08-26,161.88,FR
2299,P022,2023-08-26,1162.66,FR
2300,P029,2023-08-26,440.28,FR
2301,P008,2023-08-26,1629.96,FR
2302,P021,2023-08-26,1765.86,FR
2303,P004,2023-08-27,11160.35,FR
2304,P007,2023-08-27,80.94,FR
2305,P025,2023-08-27,1594.68,FR
2306,P001,2023-08-27,6415.92,FR
2307,P007,2023-08-27,80.94,FR
2308,P022,2023-08-27,1162.66,FR
2309,P005,2023-08-28,2126.96,FR
2310,P033,2023-08-28,6328.47,FR
2311,P029,2023-08-28,880.56,FR
2312,P009,2023-08-29,2813.95,FR
2313,P023,2023-08-29,1066.4,FR
2314,P031,2023-08-29,12369.85,FR
2315,P001,2023-08-30,8019.9,FR
2316,P016,2023-08-30,10103.55,FR
2317,P023,2023-08-30,426.56,FR
2318,P022,2023-08-30,2325.32,FR
2319,P022,2023-08-30,2906.65,FR
2320,P027,2023-08-31,1356.88,FR
2321,P003,2023-08-31,3690.26,FR
2322,P015,2023-08-31,4242.04,FR
2323,P014,2023-08-31,981.88,FR
2324,P025,2023-08-31,6378.72,FR
2325,P001,2023-09-01,4811.94,FR
2326,P008,2023-09-01,4889.88,FR
2327,P024,2023-09-01,265.99,FR
2328,P019,2023-09-01,4152.14,FR
2329,P012,2023-09-01,4302.6,FR
2330,P002,2023-09-02,2095.35,FR
2331,P009,2023-09-02,562.79,FR
2332,P020,2023-09-02,4312.68,FR
2333,P011,2023-09-02,10087.3,FR
2334,P008,2023-09-03,3259.92,FR
2335,P035,2023-09-03,2396.7,FR
2336,P028,2023-09-03,3250.74,FR
2337,P013,2023-09-04,7181.01,FR
2338,P016,2023-09-04,6062.13,FR
2339,P032,2023-09-04,1399.02,FR
2340,P005,2023-09-04,5317.4,FR
2341,P033,2023-09-04,8437.96,FR
2342,P021,2023-09-04,5297.58,FR
2343,P032,2023-09-04,4197.06,FR
2344,P003,2023-09-05,3690.26,FR
2345,P016,2023-09-05,4041.42,FR
2346,P025,2023-09-05,3189.36,FR
2347,P036,2023-09-05,1078.58,FR
2348,P029,2023-09-05,1320.84,FR
2349,P003,2023-09-05,9225.65,FR
2350,P029,2023-09-05,1761.12,FR
2351,P021,2023-09-06,7063.44,FR
2352,P029,2023-09-06,1320.84,FR
2353,P006,2023-09-06,2791.6,FR
2354,P015,2023-09-06,2121.02,FR
2355,P003,2023-09-06,3690.26,FR
2356,P022,2023-09-06,1743.99,FR
2357,P009,2023-09-07,2813.95,FR
2358,P020,2023-09-07,6469.02,FR
2359,P001,2023-09-07,8019.9,FR
2360,P015,2023-09-07,4242.04,FR
2361,P034,2023-09-07,2920.9,FR
2362,P030,2023-09-07,421.06,FR
2363,P028,2023-09-07,6501.48,FR
2364,P029,2023-09-07,440.28,FR
2365,P009,2023-09-08,562.79,FR
2366,P023,2023-09-08,426.56,FR
2367,P026,2023-09-08,4674.5,FR
2368,P002,2023-09-08,698.45,FR
2369,P022,2023-09-08,2906.65,FR
2370,P014,2023-09-08,245.47,FR
2371,P031,2023-09-08,7421.91,FR
2372,P006,2023-09-09,558.32,FR
2373,P032,2023-09-09,2798.04,FR
2374,P025,2023-09-09,3189.36,FR
2375,P034,2023-09-09,2336.72,FR
2376,P034,2023-09-09,1168.36,FR
2377,P011,2023-09-10,4034.92,FR
2378,P005,2023-09-10,2126.96,FR
2379,P020,2023-09-10,8625.36,FR
2380,P020,2023-09-10,4312.68,FR
2381,P013,2023-09-10,4787.34,FR
2382,P026,2023-09-10,1869.8,FR
2383,P030,2023-09-11,2105.3,FR
2384,P006,2023-09-11,2233.28,FR
2385,P020,2023-09-11,10781.7,FR
2386,P016,2023-09-11,10103.55,FR
2387,P025,2023-09-11,3189.36,FR
2388,P003,2023-09-11,3690.26,FR
2389,P019,2023-09-12,2076.07,FR
2390,P027,2023-09-12,3392.2,FR
2391,P005,2023-09-12,1063.48,FR
2392,P029,2023-09-12,1320.84,FR
2393,P003,2023-09-12,1845.13,FR
2394,P030,2023-09-12,1263.18,FR
2395,P026,2023-09-12,934.9,FR
2396,P009,2023-09-13,2251.16,FR
2397,P005,2023-09-13,5317.4,FR
2398,P029,2023-09-13,1761.12,FR
2399,P011,2023-09-13,10087.3,FR
2400,P019,2023-09-13,10380.35,FR
2401,P005,2023-09-13,1063.48,FR
2402,P029,2023-09-13,880.56,FR
2403,P003,2023-09-13,9225.65,FR
2404,P004,2023-09-14,11160.35,FR
2405,P020,2023-09-14,2156.34,FR
2406,P025,2023-09-14,3189.36,FR
2407,P016,2023-09-14,2020.71,FR
2408,P002,2023-09-14,2095.35,FR
2409,P005,2023-09-14,1063.48,FR
2410,P011,2023-09-14,8069.84,FR
2411,P021,2023-09-14,3531.72,FR
2412,P028,2023-09-15,3250.74,FR
2413,P023,2023-09-15,426.56,FR
2414,P021,2023-09-15,7063.44,FR
2415,P015,2023-09-15,6363.06,FR
2416,P005,2023-09-15,4253.92,FR
2417,P032,2023-09-15,6995.1,FR
2418,P021,2023-09-16,7063.44,FR
2419,P012,2023-09-16,2581.56,FR
2420,P022,2023-09-16,2906.65,FR
2421,P015,2023-09-17,10605.1,FR
2422,P002,2023-09-17,698.45,FR
2423,P028,2023-09-17,3250.74,FR
2424,P009,2023-09-17,2251.16,FR
2425,P010,2023-09-17,4052.86,FR
2426,P029,2023-09-17,1320.84,FR
2427,P021,2023-09-17,1765.86,FR
2428,P002,2023-09-18,2095.35,FR
2429,P014,2023-09-18,245.47,FR
2430,P015,2023-09-18,8484.08,FR
2431,P029,2023-09-18,440.28,FR
2432,P005,2023-09-18,1063.48,FR
2433,P006,2023-09-19,2791.6,FR
2434,P033,2023-09-19,8437.96,FR
2435,P011,2023-09-19,4034.92,FR
2436,P012,2023-09-19,1721.04,FR
2437,P029,2023-09-20,880.56,FR
2438,P006,2023-09-20,2233.28,FR
2439,P031,2023-09-20,9895.88,FR
2440,P010,2023-09-20,2026.43,FR
2441,P006,2023-09-20,1674.96,FR
2442,P012,2023-09-20,3442.08,FR
2443,P030,2023-09-20,1684.24,FR
2444,P009,2023-09-21,2251.16,FR
2445,P013,2023-09-21,2393.67,FR
2446,P026,2023-09-21,3739.6,FR
2447,P032,2023-09-21,6995.1,FR
2448,P003,2023-09-21,7380.52,FR
2449,P017,2023-09-22,4042.59,FR
2450,P024,2023-09-22,265.99,FR
2451,P016,2023-09-22,8082.84,FR
2452,P002,2023-09-22,1396.9,FR
2453,P030,2023-09-22,842.12,FR
2454,P011,2023-09-22,2017.46,FR
2455,P025,2023-09-23,7973.4,FR
2456,P013,2023-09-23,4787.34,FR
2457,P020,2023-09-23,10781.7,FR
2458,P020,2023-09-23,8625.36,FR
2459,P023,2023-09-23,639.84,FR
2460,P026,2023-09-23,2804.7,FR
2461,P032,2023-09-23,1399.02,FR
2462,P027,2023-09-23,2713.76,FR
2463,P011,2023-09-24,6052.38,FR
2464,P009,2023-09-24,2251.16,FR
2465,P008,2023-09-24,8149.8,FR
2466,P013,2023-09-24,4787.34,FR
2467,P027,2023-09-24,3392.2,FR
2468,P011,2023-09-24,6052.38,FR
2469,P018,2023-09-25,2866.98,FR
2470,P016,2023-09-25,8082.84,FR
2471,P004,2023-09-25,2232.07,FR
2472,P034,2023-09-26,2336.72,FR
2473,P031,2023-09-26,7421.91,FR
2474,P024,2023-09-26,797.97,FR
2475,P024,2023-09-26,1063.96,FR
2476,P023,2023-09-27,213.28,FR
2477,P026,2023-09-27,1869.8,FR
2478,P008,2023-09-27,4889.88,FR
2479,P031,2023-09-28,9895.88,FR
2480,P021,2023-09-28,5297.58,FR
2481,P021,2023-09-28,7063.44,FR
2482,P032,2023-09-28,6995.1,FR
2483,P028,2023-09-28,1625.37,FR
2484,P013,2023-09-28,4787.34,FR
2485,P006,2023-09-29,2791.6,FR
2486,P029,2023-09-29,1761.12,FR
2487,P014,2023-09-29,245.47,FR
2488,P002,2023-09-29,2095.35,FR
2489,P018,2023-09-29,2866.98,FR
2490,P008,2023-09-29,3259.92,FR
2491,P022,2023-09-30,2906.65,FR
2492,P022,2023-09-30,2325.32,FR
2493,P015,2023-09-30,2121.02,FR
2494,P008,2023-09-30,4889.88,FR
2495,P008,2023-09-30,4889.88,FR
2496,P025,2023-09-30,1594.68,FR
2497,P035,2023-09-30,3195.6,FR
2498,P024,2023-09-30,531.98,FR
2499,P001,2023-10-01,6415.92,FR
2500,P019,2023-10-01,8304.28,FR
2501,P019,2023-10-01,2076.07,FR
2502,P033,2023-10-01,2109.49,FR
2503,P031,2023-10-01,4947.94,FR
2504,P025,2023-10-01,4784.04,FR
2505,P015,2023-10-02,2121.02,FR
2506,P026,2023-10-02,1869.8,FR
2507,P026,2023-10-02,3739.6,FR
2508,P026,2023-10-02,934.9,FR
2509,P013,2023-10-03,11968.35,FR
2510,P009,2023-10-03,2813.95,FR
2511,P020,2023-10-03,4312.68,FR
2512,P031,2023-10-03,4947.94,FR
2513,P013,2023-10-03,2393.67,FR
2514,P007,2023-10-03,161.88,FR
2515,P011,2023-10-03,2017.46,FR
2516,P012,2023-10-03,860.52,FR
2517,P010,2023-10-04,8105.72,FR
2518,P008,2023-10-04,6519.84,FR
2519,P012,2023-10-04,3442.08,FR
2520,P030,2023-10-04,1684.24,FR
2521,P029,2023-10-04,440.28,FR
2522,P006,2023-10-04,2233.28,FR
2523,P031,2023-10-05,2473.97,FR
2524,P031,2023-10-05,9895.88,FR
2525,P009,2023-10-05,1688.37,FR
2526,P035,2023-10-05,3195.6,FR
2527,P036,2023-10-05,2696.45,FR
2528,P034,2023-10-05,2920.9,FR
2529,P014,2023-10-05,245.47,FR
2530,P012,2023-10-06,4302.6,FR
2531,P008,2023-10-06,3259.92,FR
2532,P011,2023-10-06,10087.3,FR
2533,P003,2023-10-06,1845.13,FR
2534,P035,2023-10-06,3195.6,FR
2535,P020,2023-10-06,10781.7,FR
2536,P035,2023-10-06,1597.8,FR
2537,P021,2023-10-06,5297.58,FR
2538,P003,2023-10-07,1845.13,FR
2539,P020,2023-10-07,4312.68,FR
2540,P023,2023-10-07,426.56,FR
2541,P017,2023-10-08,5390.12,FR
2542,P030,2023-10-08,1263.18,FR
2543,P010,2023-10-08,4052.86,FR
2544,P018,2023-10-08,1911.32,FR
2545,P033,2023-10-08,4218.98,FR
2546,P021,2023-10-08,7063.44,FR
2547,P016,2023-10-08,6062.13,FR
2548,P036,2023-10-09,539.29,FR
2549,P006,2023-10-09,1674.96,FR
2550,P015,2023-10-09,2121.02,FR
2551,P025,2023-10-10,1594.68,FR
2552,P020,2023-10-10,8625.36,FR
2553,P023,2023-10-10,1066.4,FR
2554,P018,2023-10-10,955.66,FR
2555,P025,2023-10-11,4784.04,FR
2556,P009,2023-10-11,562.79,FR
2557,P009,2023-10-11,2251.16,FR
2558,P024,2023-10-11,531.98,FR
2559,P030,2023-10-11,1684.24,FR
2560,P019,2023-10-12,8304.28,FR
2561,P006,2023-10-12,2233.28,FR
2562,P006,2023-10-12,1116.64,FR
2563,P004,2023-10-12,6696.21,FR
2564,P028,2023-10-12,8126.85,FR
2565,P032,2023-10-12,6995.1,FR
2566,P001,2023-10-12,3207.96,FR
2567,P035,2023-10-13,2396.7,FR
2568,P034,2023-10-13,2920.9,FR
2569,P029,2023-10-13,2201.4,FR
2570,P005,2023-10-13,2126.96,FR
2571,P028,2023-10-13,6501.48,FR
2572,P008,2023-10-13,3259.92,FR
2573,P031,2023-10-14,7421.91,FR
2574,P026,2023-10-14,2804.7,FR
2575,P032,2023-10-14,4197.06,FR
2576,P030,2023-10-14,1263.18,FR
2577,P001,2023-10-14,3207.96,FR
2578,P007,2023-10-15,323.76,FR
2579,P034,2023-10-15,1168.36,FR
2580,P032,2023-10-15,2798.04,FR
2581,P026,2023-10-16,2804.7,FR
2582,P012,2023-10-16,2581.56,FR
2583,P029,2023-10-16,880.56,FR
2584,P028,2023-10-16,4876.11,FR
2585,P013,2023-10-16,2393.67,FR
2586,P027,2023-10-16,2035.32,FR
2587,P013,2023-10-17,7181.01,FR
2588,P032,2023-10-17,5596.08,FR
2589,P026,2023-10-17,3739.6,FR
2590,P007,2023-10-17,161.88,FR
2591,P033,2023-10-17,4218.98,FR
2592,P022,2023-10-17,2906.65,FR
2593,P031,2023-10-17,7421.91,FR
2594,P028,2023-10-17,8126.85,FR
2595,P012,2023-10-18,2581.56,FR
2596,P016,2023-10-18,8082.84,FR
2597,P007,2023-10-18,404.7,FR
2598,P010,2023-10-18,2026.43,FR
2599,P003,2023-10-18,3690.26,FR
2600,P002,2023-10-18,1396.9,FR
2601,P025,2023-10-18,7973.4,FR
2602,P015,2023-10-19,6363.06,FR
2603,P004,2023-10-19,8928.28,FR
2604,P008,2023-10-19,4889.88,FR
2605,P027,2023-10-19,2035.32,FR
2606,P003,2023-10-19,1845.13,FR
2607,P019,2023-10-19,6228.21,FR
2608,P012,2023-10-19,3442.08,FR
2609,P020,2023-10-19,2156.34,FR
2610,P009,2023-10-20,1688.37,FR
2611,P034,2023-10-20,1752.54,FR
2612,P018,2023-10-20,4778.3,FR
2613,P007,2023-10-20,404.7,FR
2614,P013,2023-10-20,9574.68,FR
2615,P035,2023-10-20,2396.7,FR
2616,P031,2023-10-20,4947.94,FR
2617,P013,2023-10-21,11968.35,FR
2618,P036,2023-10-21,1617.87,FR
2619,P008,2023-10-21,1629.96,FR
2620,P034,2023-10-21,584.18,FR
2621,P009,2023-10-22,562.79,FR
2622,P013,2023-10-22,9574.68,FR
2623,P035,2023-10-22,798.9,FR
2624,P033,2023-10-22,10547.45,FR
2625,P018,2023-10-22,1911.32,FR
2626,P014,2023-10-23,245.47,FR
2627,P034,2023-10-23,1752.54,FR
2628,P018,2023-10-23,955.66,FR
2629,P003,2023-10-23,3690.26,FR
2630,P010,2023-10-23,4052.86,FR
2631,P016,2023-10-23,10103.55,FR
2632,P023,2023-10-23,1066.4,FR
2633,P036,2023-10-24,1078.58,FR
2634,P019,2023-10-24,2076.07,FR
2635,P015,2023-10-24,6363.06,FR
2636,P035,2023-10-25,3994.5,FR
2637,P025,2023-10-25,4784.04,FR
2638,P015,2023-10-25,6363.06,FR
2639,P026,2023-10-26,3739.6,FR
2640,P028,2023-10-26,3250.74,FR
2641,P032,2023-10-26,5596.08,FR
2642,P013,2023-10-26,9574.68,FR
2643,P019,2023-10-26,6228.21,FR
2644,P026,2023-10-26,4674.5,FR
2645,P010,2023-10-26,8105.72,FR
2646,P026,2023-10-26,4674.5,FR
2647,P007,2023-10-27,323.76,FR
2648,P001,2023-10-27,1603.98,FR
2649,P006,2023-10-27,1116.64,FR
2650,P035,2023-10-28,2396.7,FR
2651,P009,2023-10-28,2813.95,FR
2652,P020,2023-10-28,8625.36,FR
2653,P035,2023-10-29,2396.7,FR
2654,P003,2023-10-29,9225.65,FR
2655,P033,2023-10-29,4218.98,FR
2656,P015,2023-10-30,8484.08,FR
2657,P019,2023-10-30,8304.28,FR
2658,P011,2023-10-30,4034.92,FR
2659,P005,2023-10-31,3190.44,FR
2660,P006,2023-10-31,2791.6,FR
2661,P028,2023-10-31,4876.11,FR
2662,P028,2023-10-31,4876.11,FR
2663,P007,2023-10-31,323.76,FR
2664,P005,2023-11-01,2126.96,FR
2665,P010,2023-11-01,8105.72,FR
2666,P008,2023-11-01,6519.84,FR
2667,P006,2023-11-01,1116.64,FR
2668,P025,2023-11-01,4784.04,FR
2669,P031,2023-11-01,9895.88,FR
2670,P016,2023-11-01,8082.84,FR
2671,P035,2023-11-01,3994.5,FR
2672,P027,2023-11-02,3392.2,FR
2673,P006,2023-11-02,1674.96,FR
2674,P002,2023-11-02,3492.25,FR
2675,P004,2023-11-03,6696.21,FR
2676,P030,2023-11-03,2105.3,FR
2677,P014,2023-11-03,245.47,FR
2678,P010,2023-11-04,2026.43,FR
2679,P004,2023-11-04,2232.07,FR
2680,P011,2023-11-04,4034.92,FR
2681,P006,2023-11-04,558.32,FR
2682,P027,2023-11-04,1356.88,FR
2683,P009,2023-11-04,2813.95,FR
2684,P027,2023-11-04,2035.32,FR
2685,P001,2023-11-04,1603.98,FR
2686,P003,2023-11-05,3690.26,FR
2687,P026,2023-11-05,3739.6,FR
2688,P033,2023-11-05,4218.98,FR
2689,P018,2023-11-05,4778.3,FR
2690,P014,2023-11-05,1227.35,FR
2691,P026,2023-11-05,4674.5,FR
2692,P030,2023-11-05,1263.18,FR
2693,P011,2023-11-05,6052.38,FR
2694,P007,2023-11-06,80.94,FR
2695,P022,2023-11-06,1162.66,FR
2696,P035,2023-11-06,798.9,FR
2697,P001,2023-11-06,4811.94,FR
2698,P013,2023-11-06,2393.67,FR
2699,P003,2023-11-07,7380.52,FR
2700,P021,2023-11-07,5297.58,FR
2701,P019,2023-11-07,10380.35,FR
2702,P023,2023-11-08,213.28,FR
2703,P033,2023-11-08,10547.45,FR
2704,P025,2023-11-08,7973.4,FR
2705,P011,2023-11-08,8069.84,FR
2706,P006,2023-11-08,1116.64,FR
2707,P010,2023-11-08,4052.86,FR
2708,P022,2023-11-09,1743.99,FR
2709,P025,2023-11-09,3189.36,FR
2710,P032,2023-11-09,1399.02,FR
2711,P020,2023-11-09,2156.34,FR
2712,P021,2023-11-10,5297.58,FR
2713,P018,2023-11-10,2866.98,FR
2714,P005,2023-11-10,4253.92,FR
2715,P017,2023-11-10,5390.12,FR
2716,P032,2023-11-10,4197.06,FR
2717,P027,2023-11-10,1356.88,FR
2718,P021,2023-11-11,1765.86,FR
2719,P029,2023-11-11,440.28,FR
2720,P016,2023-11-11,10103.55,FR
2721,P007,2023-11-11,323.76,FR
2722,P026,2023-11-11,1869.8,FR
2723,P006,2023-11-11,2233.28,FR
2724,P035,2023-11-11,798.9,FR
2725,P007,2023-11-12,323.76,FR
2726,P022,2023-11-12,1743.99,FR
2727,P032,2023-11-12,5596.08,FR
2728,P030,2023-11-12,2105.3,FR
2729,P010,2023-11-12,4052.86,FR
2730,P003,2023-11-12,7380.52,FR
2731,P028,2023-11-12,3250.74,FR
2732,P002,2023-11-12,2793.8,FR
2733,P012,2023-11-13,1721.04,FR
2734,P026,2023-11-13,2804.7,FR
2735,P034,2023-11-13,1752.54,FR
2736,P006,2023-11-13,1674.96,FR
2737,P013,2023-11-13,9574.68,FR
2738,P035,2023-11-13,1597.8,FR
2739,P025,2023-11-13,7973.4,FR
2740,P010,2023-11-13,6079.29,FR
2741,P010,2023-11-14,6079.29,FR
2742,P027,2023-11-14,3392.2,FR
2743,P009,2023-11-14,2251.16,FR
2744,P014,2023-11-14,490.94,FR
2745,P035,2023-11-14,1597.8,FR
2746,P023,2023-11-14,426.56,FR
2747,P002,2023-11-15,2095.35,FR
2748,P032,2023-11-15,5596.08,FR
2749,P023,2023-11-15,1066.4,FR
2750,P022,2023-11-15,1162.66,FR
2751,P024,2023-11-15,1329.95,FR
2752,P025,2023-11-16,6378.72,FR
2753,P007,2023-11-16,80.94,FR
2754,P002,2023-11-16,2793.8,FR
2755,P035,2023-11-16,3195.6,FR
2756,P019,2023-11-16,4152.14,FR
2757,P030,2023-11-16,1684.24,FR
2758,P008,2023-11-17,6519.84,FR
2759,P026,2023-11-17,2804.7,FR
2760,P019,2023-11-17,6228.21,FR
2761,P016,2023-11-17,8082.84,FR
2762,P002,2023-11-17,2095.35,FR
2763,P011,2023-11-17,8069.84,FR
2764,P013,2023-11-18,9574.68,FR
2765,P028,2023-11-18,6501.48,FR
2766,P021,2023-11-18,3531.72,FR
2767,P007,2023-11-18,161.88,FR
2768,P026,2023-11-18,2804.7,FR
2769,P014,2023-11-18,245.47,FR
2770,P010,2023-11-19,10132.15,FR
2771,P025,2023-11-19,3189.36,FR
2772,P023,2023-11-19,426.56,FR
2773,P035,2023-11-20,3195.6,FR
2774,P004,2023-11-20,2232.07,FR
2775,P002,2023-11-20,3492.25,FR
2776,P030,2023-11-20,421.06,FR
2777,P017,2023-11-21,1347.53,FR
2778,P024,2023-11-21,1063.96,FR
2779,P002,2023-11-21,698.45,FR
2780,P005,2023-11-21,4253.92,FR
2781,P029,2023-11-21,880.56,FR
2782,P003,2023-11-22,5535.39,FR
2783,P035,2023-11-22,1597.8,FR
2784,P013,2023-11-22,2393.67,FR
2785,P033,2023-11-22,4218.98,FR
2786,P014,2023-11-23,736.41,FR
2787,P006,2023-11-23,1116.64,FR
2788,P031,2023-11-23,2473.97,FR
2789,P019,2023-11-24,8304.28,FR
2790,P026,2023-11-24,2804.7,FR
2791,P018,2023-11-24,955.66,FR
2792,P014,2023-11-24,981.88,FR
2793,P028,2023-11-24,4876.11,FR
2794,P007,2023-11-24,323.76,FR
2795,P023,2023-11-24,213.28,FR
2796,P033,2023-11-25,10547.45,FR
2797,P034,2023-11-25,2336.72,FR
2798,P012,2023-11-25,3442.08,FR
2799,P005,2023-11-26,3190.44,FR
2800,P021,2023-11-26,1765.86,FR
2801,P001,2023-11-26,4811.94,FR
2802,P021,2023-11-26,8829.3,FR
2803,P014,2023-11-27,490.94,FR
2804,P018,2023-11-27,4778.3,FR
2805,P027,2023-11-27,2713.76,FR
2806,P013,2023-11-27,2393.67,FR
2807,P003,2023-11-27,7380.52,FR
2808,P011,2023-11-28,6052.38,FR
2809,P002,2023-11-28,698.45,FR
2810,P019,2023-11-28,8304.28,FR
2811,P034,2023-11-28,1752.54,FR
2812,P031,2023-11-28,9895.88,FR
2813,P021,2023-11-28,5297.58,FR
2814,P021,2023-11-29,8829.3,FR
2815,P020,2023-11-29,8625.36,FR
2816,P008,2023-11-29,8149.8,FR
2817,P015,2023-11-29,2121.02,FR
2818,P021,2023-11-29,7063.44,FR
2819,P006,2023-11-29,1674.96,FR
2820,P004,2023-11-29,2232.07,FR
2821,P005,2023-11-30,3190.44,FR
2822,P011,2023-11-30,10087.3,FR
2823,P009,2023-11-30,1125.58,FR
2824,P029,2023-11-30,440.28,FR
2825,P031,2023-11-30,9895.88,FR
2826,P031,2023-12-01,2473.97,FR
2827,P019,2023-12-01,2076.07,FR
2828,P016,2023-12-01,4041.42,FR
2829,P032,2023-12-01,2798.04,FR
2830,P014,2023-12-01,981.88,FR
2831,P007,2023-12-01,161.88,FR
2832,P020,2023-12-01,8625.36,FR
2833,P007,2023-12-01,161.88,FR
2834,P033,2023-12-02,8437.96,FR
2835,P018,2023-12-02,1911.32,FR
2836,P007,2023-12-02,323.76,FR
2837,P008,2023-12-02,1629.96,FR
2838,P018,2023-12-02,3822.64,FR
2839,P017,2023-12-02,6737.65,FR
2840,P014,2023-12-03,981.88,FR
2841,P022,2023-12-03,2325.32,FR
2842,P007,2023-12-03,323.76,FR
2843,P019,2023-12-03,8304.28,FR
2844,P018,2023-12-03,4778.3,FR
2845,P028,2023-12-03,1625.37,FR
2846,P008,2023-12-04,1629.96,FR
2847,P005,2023-12-04,1063.48,FR
2848,P026,2023-12-04,3739.6,FR
2849,P018,2023-12-04,1911.32,FR
2850,P019,2023-12-05,10380.35,FR
2851,P001,2023-12-05,3207.96,FR
2852,P020,2023-12-05,4312.68,FR
2853,P005,2023-12-05,2126.96,FR
2854,P010,2023-12-05,8105.72,FR
2855,P012,2023-12-06,860.52,FR
2856,P001,2023-12-06,4811.94,FR
2857,P001,2023-12-06,3207.96,FR
2858,P002,2023-12-07,2095.35,FR
2859,P033,2023-12-07,4218.98,FR
2860,P020,2023-12-07,6469.02,FR
2861,P023,2023-12-08,639.84,FR
2862,P024,2023-12-08,265.99,FR
2863,P022,2023-12-08,2906.65,FR
2864,P018,2023-12-08,4778.3,FR
2865,P027,2023-12-08,1356.88,FR
2866,P002,2023-12-08,3492.25,FR
2867,P014,2023-12-08,245.47,FR
2868,P007,2023-12-08,404.7,FR
2869,P017,2023-12-09,4042.59,FR
2870,P027,2023-12-09,2035.32,FR
2871,P034,2023-12-09,1752.54,FR
2872,P030,2023-12-09,1263.18,FR
2873,P032,2023-12-10,2798.04,FR
2874,P010,2023-12-10,6079.29,FR
2875,P032,2023-12-10,1399.02,FR
2876,P003,2023-12-11,5535.39,FR
2877,P032,2023-12-11,1399.02,FR
2878,P001,2023-12-11,4811.94,FR
2879,P019,2023-12-11,10380.35,FR
2880,P018,2023-12-11,1911.32,FR
2881,P006,2023-12-11,1116.64,FR
2882,P016,2023-12-12,8082.84,FR
2883,P007,2023-12-12,242.82,FR
2884,P028,2023-12-12,4876.11,FR
2885,P013,2023-12-12,4787.34,FR
2886,P013,2023-12-12,7181.01,FR
2887,P030,2023-12-13,842.12,FR
2888,P007,2023-12-13,404.7,FR
2889,P021,2023-12-13,5297.58,FR
2890,P028,2023-12-13,6501.48,FR
2891,P002,2023-12-13,698.45,FR
2892,P009,2023-12-13,1688.37,FR
2893,P033,2023-12-13,4218.98,FR
2894,P009,2023-12-14,562.79,FR
2895,P034,2023-12-14,584.18,FR
2896,P018,2023-12-14,955.66,FR
2897,P007,2023-12-14,404.7,FR
2898,P022,2023-12-14,581.33,FR
2899,P014,2023-12-14,490.94,FR
2900,P010,2023-12-15,6079.29,FR
2901,P013,2023-12-15,2393.67,FR
2902,P008,2023-12-15,1629.96,FR
2903,P007,2023-12-15,80.94,FR
2904,P008,2023-12-16,6519.84,FR
2905,P016,2023-12-16,6062.13,FR
2906,P008,2023-12-16,3259.92,FR
2907,P016,2023-12-17,10103.55,FR
2908,P031,2023-12-17,7421.91,FR
2909,P032,2023-12-17,4197.06,FR
2910,P007,2023-12-17,323.76,FR
2911,P019,2023-12-18,2076.07,FR
2912,P020,2023-12-18,10781.7,FR
2913,P023,2023-12-18,853.12,FR
2914,P011,2023-12-19,10087.3,FR
2915,P034,2023-12-19,2920.9,FR
2916,P010,2023-12-19,10132.15,FR
2917,P009,2023-12-20,1688.37,FR
2918,P031,2023-12-20,9895.88,FR
2919,P033,2023-12-20,10547.45,FR
2920,P021,2023-12-20,8829.3,FR
2921,P026,2023-12-20,934.9,FR
2922,P011,2023-12-20,2017.46,FR
2923,P031,2023-12-20,4947.94,FR
2924,P012,2023-12-20,3442.08,FR
2925,P017,2023-12-21,1347.53,FR
2926,P024,2023-12-21,265.99,FR
2927,P007,2023-12-21,323.76,FR
2928,P036,2023-12-22,1078.58,FR
2929,P029,2023-12-22,1320.84,FR
2930,P011,2023-12-22,10087.3,FR
2931,P002,2023-12-22,698.45,FR
2932,P009,2023-12-22,1688.37,FR
2933,P035,2023-12-22,2396.7,FR
2934,P034,2023-12-22,1168.36,FR
2935,P031,2023-12-22,7421.91,FR
2936,P009,2023-12-23,2251.16,FR
2937,P025,2023-12-23,7973.4,FR
2938,P034,2023-12-23,584.18,FR
2939,P015,2023-12-23,10605.1,FR
2940,P015,2023-12-23,6363.06,FR
2941,P023,2023-12-23,426.56,FR
2942,P035,2023-12-23,1597.8,FR
2943,P004,2023-12-24,2232.07,FR
2944,P002,2023-12-24,2095.35,FR
2945,P013,2023-12-24,2393.67,FR
2946,P036,2023-12-24,1617.87,FR
2947,P032,2023-12-24,6995.1,FR
2948,P005,2023-12-24,5317.4,FR
2949,P031,2023-12-24,7421.91,FR
2950,P032,2023-12-25,2798.04,FR
2951,P031,2023-12-25,4947.94,FR
2952,P002,2023-12-25,1396.9,FR
2953,P002,2023-12-26,2793.8,FR
2954,P025,2023-12-26,3189.36,FR
2955,P028,2023-12-26,3250.74,FR
2956,P008,2023-12-26,4889.88,FR
2957,P022,2023-12-26,581.33,FR
2958,P006,2023-12-26,558.32,FR
2959,P035,2023-12-26,798.9,FR
2960,P016,2023-12-26,2020.71,FR
2961,P012,2023-12-27,860.52,FR
2962,P016,2023-12-27,4041.42,FR
2963,P008,2023-12-27,1629.96,FR
2964,P035,2023-12-27,3195.6,FR
2965,P029,2023-12-27,1320.84,FR
2966,P036,2023-12-27,1078.58,FR
2967,P035,2023-12-28,798.9,FR
2968,P027,2023-12-28,3392.2,FR
2969,P006,2023-12-28,1116.64,FR
2970,P036,2023-12-28,539.29,FR
2971,P010,2023-12-28,4052.86,FR
2972,P030,2023-12-28,421.06,FR
2973,P018,2023-12-28,4778.3,FR
2974,P006,2023-12-28,1674.96,FR
2975,P025,2023-12-29,6378.72,FR
2976,P014,2023-12-29,490.94,FR
2977,P004,2023-12-29,6696.21,FR
2978,P002,2023-12-30,2095.35,FR
2979,P014,2023-12-30,245.47,FR
2980,P028,2023-12-30,1625.37,FR
2981,P025,2023-12-30,4784.04,FR
2982,P034,2023-12-30,1168.36,FR
2983,P016,2023-12-31,2020.71,FR
2984,P018,2023-12-31,1911.32,FR
2985,P026,2023-12-31,4674.5,FR
2986,P018,2023-12-31,2866.98,FR
2987,P020,2023-12-31,6469.02,FR
2988,P029,2023-12-31,440.28,FR
2989,P030,2023-12-31,1263.18,FR
2990,P036,2023-12-31,2157.16,FR
2991,P018,2024-01-01,4778.3,FR
2992,P029,2024-01-01,1320.84,FR
2993,P032,2024-01-01,2798.04,FR
2994,P004,2024-01-02,2232.07,FR
2995,P033,2024-01-02,10547.45,FR
2996,P036,2024-01-02,1078.58,FR
2997,P017,2024-01-02,1347.53,FR
2998,P003,2024-01-02,3690.26,FR
2999,P005,2024-01-02,4253.92,FR
3000,P005,2024-01-02,2126.96,FR
3001,P027,2024-01-03,2713.76,FR
3002,P002,2024-01-03,3492.25,FR
3003,P027,2024-01-03,2035.32,FR
3004,P002,2024-01-03,2095.35,FR
3005,P010,2024-01-03,2026.43,FR
3006,P021,2024-01-04,8829.3,FR
3007,P025,2024-01-04,1594.68,FR
3008,P006,2024-01-04,1116.64,FR
3009,P008,2024-01-04,1629.96,FR
3010,P034,2024-01-05,1752.54,FR
3011,P019,2024-01-05,6228.21,FR
3012,P024,2024-01-05,1063.96,FR
3013,P008,2024-01-05,3259.92,FR
3014,P027,2024-01-05,678.44,FR
3015,P033,2024-01-05,6328.47,FR
3016,P015,2024-01-05,8484.08,FR
3017,P035,2024-01-06,3195.6,FR
3018,P017,2024-01-06,4042.59,FR
3019,P006,2024-01-06,2233.28,FR
3020,P032,2024-01-06,2798.04,FR
3021,P011,2024-01-07,8069.84,FR
3022,P036,2024-01-07,2157.16,FR
3023,P003,2024-01-07,1845.13,FR
3024,P033,2024-01-08,8437.96,FR
3025,P009,2024-01-08,2813.95,FR
3026,P019,2024-01-08,6228.21,FR
3027,P007,2024-01-08,80.94,FR
3028,P029,2024-01-09,1761.12,FR
3029,P031,2024-01-09,4947.94,FR
3030,P033,2024-01-09,4218.98,FR
3031,P024,2024-01-09,1063.96,FR
3032,P029,2024-01-09,2201.4,FR
3033,P015,2024-01-10,8484.08,FR
3034,P034,2024-01-10,2920.9,FR
3035,P021,2024-01-10,5297.58,FR
3036,P014,2024-01-11,1227.35,FR
3037,P021,2024-01-11,5297.58,FR
3038,P008,2024-01-11,4889.88,FR
3039,P011,2024-01-12,6052.38,FR
3040,P018,2024-01-12,955.66,FR
3041,P033,2024-01-12,4218.98,FR
3042,P003,2024-01-12,9225.65,FR
3043,P002,2024-01-13,1396.9,FR
3044,P028,2024-01-13,6501.48,FR
3045,P019,2024-01-13,2076.07,FR
3046,P032,2024-01-13,1399.02,FR
3047,P008,2024-01-13,1629.96,FR
3048,P005,2024-01-13,2126.96,FR
3049,P033,2024-01-14,2109.49,FR
3050,P028,2024-01-14,8126.85,FR
3051,P036,2024-01-14,539.29,FR
3052,P009,2024-01-14,2251.16,FR
3053,P013,2024-01-14,9574.68,FR
3054,P012,2024-01-14,3442.08,FR
3055,P006,2024-01-15,1116.64,FR
3056,P005,2024-01-15,5317.4,FR
3057,P012,2024-01-15,3442.08,FR
3058,P025,2024-01-15,7973.4,FR
3059,P031,2024-01-16,4947.94,FR
3060,P019,2024-01-16,8304.28,FR
3061,P026,2024-01-16,2804.7,FR
3062,P007,2024-01-16,80.94,FR
3063,P029,2024-01-16,880.56,FR
3064,P030,2024-01-17,421.06,FR
3065,P026,2024-01-17,1869.8,FR
3066,P027,2024-01-17,1356.88,FR
3067,P018,2024-01-17,1911.32,FR
3068,P021,2024-01-18,5297.58,FR
3069,P029,2024-01-18,1761.12,FR
3070,P018,2024-01-18,1911.32,FR
3071,P003,2024-01-18,7380.52,FR
3072,P011,2024-01-18,4034.92,FR
3073,P022,2024-01-18,2906.65,FR
3074,P002,2024-01-18,698.45,FR
3075,P005,2024-01-19,1063.48,FR
3076,P035,2024-01-19,1597.8,FR
3077,P015,2024-01-19,4242.04,FR
3078,P027,2024-01-19,3392.2,FR
3079,P003,2024-01-19,9225.65,FR
3080,P026,2024-01-19,934.9,FR
3081,P020,2024-01-19,4312.68,FR
3082,P008,2024-01-20,6519.84,FR
3083,P018,2024-01-20,955.66,FR
3084,P027,2024-01-20,678.44,FR
3085,P026,2024-01-20,4674.5,FR
3086,P028,2024-01-20,1625.37,FR
3087,P013,2024-01-21,7181.01,FR
3088,P019,2024-01-21,2076.07,FR
3089,P036,2024-01-21,2157.16,FR
3090,P035,2024-01-21,1597.8,FR
3091,P032,2024-01-21,5596.08,FR
3092,P035,2024-01-21,798.9,FR
3093,P002,2024-01-22,1396.9,FR
3094,P031,2024-01-22,2473.97,FR
3095,P010,2024-01-22,2026.43,FR
3096,P011,2024-01-22,8069.84,FR
3097,P010,2024-01-22,10132.15,FR
3098,P015,2024-01-22,8484.08,FR
3099,P020,2024-01-22,6469.02,FR
3100,P027,2024-01-23,2035.32,FR
3101,P036,2024-01-23,2696.45,FR
3102,P016,2024-01-23,8082.84,FR
3103,P036,2024-01-23,539.29,FR
3104,P005,2024-01-23,2126.96,FR
3105,P008,2024-01-24,3259.92,FR
3106,P003,2024-01-24,7380.52,FR
3107,P034,2024-01-24,1168.36,FR
3108,P001,2024-01-24,1603.98,FR
3109,P018,2024-01-24,2866.98,FR
3110,P011,2024-01-24,6052.38,FR
3111,P024,2024-01-24,1329.95,FR
3112,P014,2024-01-25,490.94,FR
3113,P031,2024-01-25,7421.91,FR
3114,P010,2024-01-25,2026.43,FR
3115,P013,2024-01-25,2393.67,FR
3116,P007,2024-01-25,404.7,FR
3117,P011,2024-01-25,6052.38,FR
3118,P001,2024-01-26,4811.94,FR
3119,P020,2024-01-26,10781.7,FR
3120,P036,2024-01-26,1078.58,FR
3121,P010,2024-01-26,4052.86,FR
3122,P017,2024-01-26,1347.53,FR
3123,P025,2024-01-26,7973.4,FR
3124,P031,2024-01-26,4947.94,FR
3125,P014,2024-01-26,1227.35,FR
3126,P031,2024-01-27,7421.91,FR
3127,P009,2024-01-27,2251.16,FR
3128,P031,2024-01-27,7421.91,FR
3129,P036,2024-01-27,2157.16,FR
3130,P023,2024-01-28,1066.4,FR
3131,P006,2024-01-28,1116.64,FR
3132,P018,2024-01-28,1911.32,FR
3133,P029,2024-01-28,1320.84,FR
3134,P028,2024-01-28,4876.11,FR
3135,P024,2024-01-28,797.97,FR
3136,P036,2024-01-29,2157.16,FR
3137,P001,2024-01-29,6415.92,FR
3138,P013,2024-01-29,11968.35,FR
3139,P007,2024-01-29,242.82,FR
3140,P018,2024-01-29,2866.98,FR
3141,P003,2024-01-29,5535.39,FR
3142,P004,2024-01-29,2232.07,FR
3143,P030,2024-01-30,842.12,FR
3144,P035,2024-01-30,798.9,FR
3145,P010,2024-01-30,4052.86,FR
3146,P027,2024-01-30,678.44,FR
3147,P004,2024-01-30,2232.07,FR
3148,P002,2024-01-30,2095.35,FR
3149,P024,2024-01-30,265.99,FR
3150,P004,2024-01-30,4464.14,FR
3151,P006,2024-01-31,2233.28,FR
3152,P013,2024-01-31,11968.35,FR
3153,P001,2024-01-31,4811.94,FR
3154,P022,2024-01-31,2906.65,FR
3155,P030,2024-01-31,421.06,FR
3156,P006,2024-02-01,1674.96,FR
3157,P011,2024-02-01,4034.92,FR
3158,P006,2024-02-01,1116.64,FR
3159,P013,2024-02-01,4787.34,FR
3160,P025,2024-02-01,4784.04,FR
3161,P009,2024-02-01,1688.37,FR
3162,P013,2024-02-01,4787.34,FR
3163,P017,2024-02-01,5390.12,FR
3164,P023,2024-02-02,639.84,FR
3165,P034,2024-02-02,1168.36,FR
3166,P025,2024-02-02,7973.4,FR
3167,P028,2024-02-02,4876.11,FR
3168,P033,2024-02-02,6328.47,FR
3169,P014,2024-02-02,490.94,FR
3170,P008,2024-02-03,3259.92,FR
3171,P030,2024-02-03,1263.18,FR
3172,P025,2024-02-03,7973.4,FR
3173,P007,2024-02-04,242.82,FR
3174,P027,2024-02-04,2035.32,FR
3175,P007,2024-02-04,242.82,FR
3176,P030,2024-02-04,842.12,FR
3177,P030,2024-02-04,2105.3,FR
3178,P026,2024-02-04,1869.8,FR
3179,P024,2024-02-04,797.97,FR
3180,P026,2024-02-04,934.9,FR
3181,P007,2024-02-05,323.76,FR
3182,P026,2024-02-05,934.9,FR
3183,P011,2024-02-05,10087.3,FR
3184,P009,2024-02-05,1688.37,FR
3185,P020,2024-02-05,4312.68,FR
3186,P026,2024-02-05,3739.6,FR
3187,P010,2024-02-05,4052.86,FR
3188,P012,2024-02-06,1721.04,FR
3189,P016,2024-02-06,10103.55,FR
3190,P031,2024-02-06,7421.91,FR
3191,P026,2024-02-07,1869.8,FR
3192,P025,2024-02-07,3189.36,FR
3193,P009,2024-02-07,1125.58,FR
3194,P021,2024-02-07,7063.44,FR
3195,P005,2024-02-07,4253.92,FR
3196,P012,2024-02-07,1721.04,FR
3197,P022,2024-02-07,581.33,FR
3198,P015,2024-02-08,8484.08,FR
3199,P014,2024-02-08,981.88,FR
3200,P025,2024-02-08,3189.36,FR
3201,P019,2024-02-08,8304.28,FR
3202,P017,2024-02-08,2695.06,FR
3203,P034,2024-02-08,2336.72,FR
3204,P007,2024-02-08,323.76,FR
3205,P021,2024-02-08,8829.3,FR
3206,P001,2024-02-09,6415.92,FR
3207,P004,2024-02-09,8928.28,FR
3208,P008,2024-02-09,6519.84,FR
3209,P031,2024-02-09,7421.91,FR
3210,P012,2024-02-09,4302.6,FR
3211,P006,2024-02-09,558.32,FR
3212,P017,2024-02-10,6737.65,FR
3213,P004,2024-02-10,6696.21,FR
3214,P032,2024-02-10,4197.06,FR
3215,P024,2024-02-10,1063.96,FR
3216,P019,2024-02-10,2076.07,FR
3217,P019,2024-02-10,8304.28,FR
3218,P021,2024-02-10,1765.86,FR
3219,P003,2024-02-11,7380.52,FR
3220,P006,2024-02-11,558.32,FR
3221,P010,2024-02-11,8105.72,FR
3222,P023,2024-02-11,1066.4,FR
3223,P034,2024-02-11,2336.72,FR
3224,P021,2024-02-11,1765.86,FR
3225,P007,2024-02-11,404.7,FR
3226,P020,2024-02-11,8625.36,FR
3227,P017,2024-02-12,1347.53,FR
3228,P013,2024-02-12,7181.01,FR
3229,P033,2024-02-12,4218.98,FR
3230,P031,2024-02-12,9895.88,FR
3231,P012,2024-02-12,4302.6,FR
3232,P026,2024-02-12,2804.7,FR
3233,P027,2024-02-12,678.44,FR
3234,P009,2024-02-12,1688.37,FR
3235,P021,2024-02-13,3531.72,FR
3236,P021,2024-02-13,1765.86,FR
3237,P030,2024-02-13,1684.24,FR
3238,P025,2024-02-13,7973.4,FR
3239,P022,2024-02-13,1743.99,FR
3240,P030,2024-02-13,1684.24,FR
3241,P011,2024-02-13,8069.84,FR

Section,Ventes_2025
OrderID,ProductID,Date,Revenue,Region
13242,P003,2024-02-13,9225.65,IT
13243,P036,2024-02-14,539.29,FR
13244,P034,2024-02-14,1752.54,IT
13245,P021,2024-02-14,7063.44,FR
13246,P011,2024-02-14,6052.38,ES
13247,P002,2024-02-14,2095.35,DE
13248,P025,2024-02-14,3189.36,DE
13249,P007,2024-02-15,161.88,IT
13250,P019,2024-02-15,4152.14,DE
13251,P027,2024-02-15,1356.88,IT
13252,P021,2024-02-16,5297.58,DE
13253,P021,2024-02-16,8829.3,IT
13254,P026,2024-02-16,3739.6,FR
13255,P011,2024-02-16,8069.84,DE
13256,P035,2024-02-16,3195.6,IT
13257,P025,2024-02-17,6378.72,IT
13258,P013,2024-02-17,2393.67,DE
13259,P033,2024-02-17,10547.45,IT
13260,P016,2024-02-18,10103.55,ES
13261,P006,2024-02-18,558.32,ES
13262,P033,2024-02-18,4218.98,FR
13263,P016,2024-02-18,8082.84,IT
13264,P009,2024-02-18,562.79,ES
13265,P030,2024-02-19,842.12,ES
13266,P012,2024-02-19,4302.6,IT
13267,P022,2024-02-19,1162.66,FR
13268,P005,2024-02-19,1063.48,FR
13269,P031,2024-02-19,2473.97,FR
13270,P035,2024-02-19,3994.5,ES
13271,P031,2024-02-19,2473.97,IT
13272,P003,2024-02-20,7380.52,FR
13273,P008,2024-02-20,3259.92,IT
13274,P008,2024-02-20,3259.92,IT
13275,P022,2024-02-20,1162.66,ES
13276,P017,2024-02-20,4042.59,FR
13277,P032,2024-02-20,2798.04,FR
13278,P019,2024-02-20,8304.28,IT
13279,P017,2024-02-20,4042.59,DE
13280,P010,2024-02-21,6079.29,DE
13281,P024,2024-02-21,797.97,DE
13282,P011,2024-02-21,6052.38,IT
13283,P029,2024-02-21,1320.84,IT
13284,P009,2024-02-22,2813.95,DE
13285,P017,2024-02-22,2695.06,DE
13286,P020,2024-02-22,10781.7,IT
13287,P024,2024-02-22,1329.95,IT
13288,P011,2024-02-22,4034.92,DE
13289,P024,2024-02-22,1063.96,DE
13290,P031,2024-02-22,9895.88,DE
13291,P005,2024-02-22,2126.96,IT
13292,P010,2024-02-23,10132.15,DE
13293,P013,2024-02-23,9574.68,FR
13294,P001,2024-02-23,8019.9,ES
13295,P013,2024-02-23,2393.67,DE
13296,P022,2024-02-24,581.33,IT
13297,P035,2024-02-24,3994.5,IT
13298,P029,2024-02-24,2201.4,DE
13299,P012,2024-02-25,1721.04,FR
13300,P030,2024-02-25,421.06,FR
13301,P018,2024-02-25,1911.32,FR
13302,P034,2024-02-25,584.18,IT
13303,P016,2024-02-25,10103.55,IT
13304,P035,2024-02-26,2396.7,DE
13305,P031,2024-02-26,9895.88,IT
13306,P013,2024-02-26,11968.35,ES
13307,P020,2024-02-27,2156.34,DE
13308,P029,2024-02-27,880.56,FR
13309,P017,2024-02-27,5390.12,DE
13310,P012,2024-02-27,4302.6,FR
13311,P019,2024-02-27,6228.21,IT
13312,P016,2024-02-27,6062.13,IT
13313,P008,2024-02-28,3259.92,DE
13314,P021,2024-02-28,7063.44,DE
13315,P012,2024-02-28,3442.08,DE
13316,P029,2024-02-28,2201.4,FR
13317,P007,2024-02-28,161.88,ES
13318,P033,2024-02-28,6328.47,ES
13319,P020,2024-02-29,4312.68,DE
13320,P011,2024-02-29,8069.84,DE
13321,P011,2024-02-29,10087.3,DE
13322,P027,2024-02-29,2035.32,FR
13323,P031,2024-02-29,7421.91,IT
13324,P022,2024-02-29,1743.99,DE
13325,P020,2024-02-29,10781.7,FR
13326,P027,2024-02-29,2713.76,ES
13327,P009,2024-03-01,1688.37,ES
13328,P013,2024-03-01,7181.01,ES
13329,P002,2024-03-01,2793.8,IT
13330,P036,2024-03-01,1078.58,IT
13331,P033,2024-03-01,6328.47,FR
13332,P011,2024-03-02,8069.84,ES
13333,P025,2024-03-02,6378.72,DE
13334,P025,2024-03-02,1594.68,IT
13335,P022,2024-03-02,2906.65,FR
13336,P008,2024-03-03,3259.92,FR
13337,P027,2024-03-03,1356.88,IT
13338,P013,2024-03-03,2393.67,FR
13339,P021,2024-03-03,8829.3,ES
13340,P034,2024-03-03,584.18,IT
13341,P021,2024-03-04,7063.44,ES
13342,P021,2024-03-04,3531.72,FR
13343,P022,2024-03-04,1743.99,DE
13344,P002,2024-03-05,698.45,DE
13345,P026,2024-03-05,934.9,ES
13346,P024,2024-03-05,1329.95,ES
13347,P033,2024-03-05,10547.45,IT
13348,P022,2024-03-05,581.33,FR
13349,P006,2024-03-05,558.32,ES
13350,P006,2024-03-05,2233.28,FR
13351,P005,2024-03-05,4253.92,DE
13352,P010,2024-03-06,6079.29,FR
13353,P022,2024-03-06,2906.65,ES
13354,P026,2024-03-06,2804.7,FR
13355,P025,2024-03-06,1594.68,DE
13356,P028,2024-03-06,4876.11,FR
13357,P021,2024-03-06,7063.44,ES
13358,P023,2024-03-07,1066.4,DE
13359,P010,2024-03-07,6079.29,FR
13360,P002,2024-03-07,3492.25,IT
13361,P009,2024-03-07,1688.37,FR
13362,P021,2024-03-07,3531.72,IT
13363,P011,2024-03-07,6052.38,IT
13364,P023,2024-03-07,426.56,IT
13365,P002,2024-03-08,1396.9,ES
13366,P029,2024-03-08,1761.12,DE
13367,P025,2024-03-08,1594.68,DE
13368,P033,2024-03-08,10547.45,ES
13369,P014,2024-03-08,981.88,DE
13370,P021,2024-03-08,3531.72,FR
13371,P024,2024-03-09,797.97,ES
13372,P002,2024-03-09,2793.8,DE
13373,P007,2024-03-09,242.82,IT
13374,P028,2024-03-09,4876.11,DE
13375,P006,2024-03-09,2233.28,FR
13376,P018,2024-03-09,2866.98,DE
13377,P016,2024-03-09,10103.55,DE
13378,P010,2024-03-10,8105.72,FR
13379,P014,2024-03-10,736.41,IT
13380,P027,2024-03-10,2713.76,ES
13381,P034,2024-03-10,1168.36,DE
13382,P011,2024-03-10,8069.84,IT
13383,P026,2024-03-10,2804.7,IT
13384,P021,2024-03-10,1765.86,DE
13385,P003,2024-03-11,3690.26,FR
13386,P035,2024-03-11,3994.5,DE
13387,P007,2024-03-11,242.82,IT
13388,P027,2024-03-11,678.44,ES
13389,P027,2024-03-11,2713.76,DE
13390,P001,2024-03-11,6415.92,FR
13391,P021,2024-03-12,8829.3,DE
13392,P007,2024-03-12,323.76,FR
13393,P015,2024-03-12,4242.04,ES
13394,P006,2024-03-12,558.32,IT
13395,P007,2024-03-13,161.88,FR
13396,P020,2024-03-13,8625.36,ES
13397,P009,2024-03-13,2251.16,DE
13398,P010,2024-03-13,2026.43,DE
13399,P004,2024-03-13,4464.14,ES
13400,P003,2024-03-13,3690.26,FR
13401,P001,2024-03-13,6415.92,ES
13402,P026,2024-03-14,1869.8,FR
13403,P017,2024-03-14,5390.12,DE
13404,P018,2024-03-14,4778.3,ES
13405,P012,2024-03-14,2581.56,DE
13406,P030,2024-03-15,421.06,DE
13407,P034,2024-03-15,584.18,FR
13408,P002,2024-03-15,1396.9,IT
13409,P030,2024-03-15,421.06,ES
13410,P023,2024-03-15,853.12,DE
13411,P006,2024-03-15,1116.64,ES
13412,P013,2024-03-15,4787.34,FR
13413,P023,2024-03-16,1066.4,ES
13414,P034,2024-03-16,584.18,FR
13415,P015,2024-03-16,10605.1,IT
13416,P011,2024-03-16,4034.92,IT
13417,P010,2024-03-16,10132.15,IT
13418,P018,2024-03-16,3822.64,DE
13419,P034,2024-03-16,2336.72,IT
13420,P009,2024-03-16,1688.37,IT
13421,P036,2024-03-17,1617.87,DE
13422,P005,2024-03-17,4253.92,DE
13423,P031,2024-03-17,4947.94,FR
13424,P027,2024-03-17,3392.2,DE
13425,P023,2024-03-17,426.56,FR
13426,P008,2024-03-18,8149.8,IT
13427,P029,2024-03-18,1320.84,DE
13428,P008,2024-03-18,4889.88,ES
13429,P031,2024-03-18,9895.88,ES
13430,P035,2024-03-18,3994.5,FR
13431,P005,2024-03-18,3190.44,ES
13432,P017,2024-03-19,5390.12,DE
13433,P011,2024-03-19,8069.84,IT
13434,P034,2024-03-19,584.18,DE
13435,P032,2024-03-19,5596.08,FR
13436,P007,2024-03-19,242.82,IT
13437,P033,2024-03-19,8437.96,ES
13438,P001,2024-03-20,6415.92,ES
13439,P032,2024-03-20,6995.1,ES
13440,P018,2024-03-20,3822.64,ES
13441,P025,2024-03-21,7973.4,IT
13442,P007,2024-03-21,80.94,FR
13443,P016,2024-03-21,10103.55,DE
13444,P003,2024-03-21,7380.52,IT
13445,P034,2024-03-21,2336.72,DE
13446,P002,2024-03-21,3492.25,ES
13447,P022,2024-03-21,1743.99,IT
13448,P030,2024-03-22,1263.18,IT
13449,P016,2024-03-22,8082.84,IT
13450,P030,2024-03-22,1263.18,DE
13451,P036,2024-03-22,2696.45,ES
13452,P026,2024-03-22,2804.7,FR
13453,P006,2024-03-22,1674.96,IT
13454,P020,2024-03-22,2156.34,ES
13455,P032,2024-03-22,2798.04,FR
13456,P032,2024-03-23,4197.06,IT
13457,P011,2024-03-23,6052.38,IT
13458,P013,2024-03-23,7181.01,ES
13459,P036,2024-03-23,1078.58,ES
13460,P005,2024-03-23,1063.48,FR
13461,P026,2024-03-24,1869.8,DE
13462,P023,2024-03-24,426.56,FR
13463,P019,2024-03-24,10380.35,FR
13464,P015,2024-03-24,2121.02,IT
13465,P010,2024-03-24,6079.29,ES
13466,P015,2024-03-24,4242.04,DE
13467,P029,2024-03-24,880.56,ES
13468,P016,2024-03-25,10103.55,IT
13469,P027,2024-03-25,3392.2,DE
13470,P012,2024-03-25,4302.6,DE
13471,P025,2024-03-25,4784.04,DE
13472,P028,2024-03-25,4876.11,IT
13473,P023,2024-03-26,426.56,FR
13474,P016,2024-03-26,10103.55,IT
13475,P033,2024-03-26,8437.96,ES
13476,P015,2024-03-26,6363.06,ES
13477,P018,2024-03-26,955.66,ES
13478,P029,2024-03-26,2201.4,IT
13479,P011,2024-03-26,10087.3,ES
13480,P004,2024-03-27,8928.28,ES
13481,P023,2024-03-27,639.84,IT
13482,P002,2024-03-27,3492.25,FR
13483,P009,2024-03-27,1125.58,IT
13484,P035,2024-03-27,2396.7,FR
13485,P033,2024-03-27,4218.98,ES
13486,P004,2024-03-27,6696.21,ES
13487,P005,2024-03-27,1063.48,ES
13488,P013,2024-03-28,11968.35,IT
13489,P002,2024-03-28,2793.8,FR
13490,P006,2024-03-28,2233.28,FR
13491,P025,2024-03-28,6378.72,IT
13492,P007,2024-03-29,242.82,DE
13493,P028,2024-03-29,6501.48,DE
13494,P017,2024-03-29,2695.06,IT
13495,P006,2024-03-29,2233.28,FR
13496,P002,2024-03-30,698.45,DE
13497,P024,2024-03-30,531.98,IT
13498,P001,2024-03-30,4811.94,IT
13499,P002,2024-03-30,3492.25,DE
13500,P012,2024-03-30,4302.6,DE
13501,P014,2024-03-31,245.47,FR
13502,P024,2024-03-31,531.98,IT
13503,P012,2024-03-31,1721.04,IT
13504,P003,2024-03-31,1845.13,IT
13505,P007,2024-03-31,161.88,DE
13506,P032,2024-03-31,6995.1,DE
13507,P022,2024-03-31,2906.65,ES
13508,P036,2024-04-01,1617.87,FR
13509,P010,2024-04-01,8105.72,FR
13510,P003,2024-04-01,1845.13,IT
13511,P007,2024-04-02,80.94,ES
13512,P035,2024-04-02,3195.6,IT
13513,P021,2024-04-02,7063.44,FR
13514,P028,2024-04-02,6501.48,DE
13515,P032,2024-04-02,5596.08,FR
13516,P036,2024-04-02,2696.45,DE
13517,P032,2024-04-02,4197.06,IT
13518,P003,2024-04-02,1845.13,FR
13519,P035,2024-04-03,2396.7,DE
13520,P002,2024-04-03,2095.35,DE
13521,P023,2024-04-03,213.28,IT
13522,P033,2024-04-03,4218.98,ES
13523,P003,2024-04-03,1845.13,IT
13524,P015,2024-04-03,6363.06,ES
13525,P014,2024-04-03,490.94,DE
13526,P025,2024-04-03,1594.68,IT
13527,P022,2024-04-04,2325.32,IT
13528,P026,2024-04-04,1869.8,ES
13529,P016,2024-04-04,6062.13,FR
13530,P020,2024-04-04,6469.02,ES
13531,P027,2024-04-05,2713.76,FR
13532,P032,2024-04-05,6995.1,IT
13533,P026,2024-04-05,3739.6,IT
13534,P015,2024-04-06,2121.02,FR
13535,P032,2024-04-06,2798.04,ES
13536,P017,2024-04-06,5390.12,ES
13537,P019,2024-04-06,10380.35,IT
13538,P008,2024-04-06,3259.92,FR
13539,P032,2024-04-06,2798.04,ES
13540,P031,2024-04-06,2473.97,FR
13541,P025,2024-04-06,1594.68,FR
13542,P024,2024-04-07,531.98,DE
13543,P003,2024-04-07,9225.65,FR
13544,P014,2024-04-07,736.41,FR
13545,P001,2024-04-07,4811.94,ES
13546,P023,2024-04-07,426.56,IT
13547,P025,2024-04-07,4784.04,FR
13548,P013,2024-04-08,9574.68,ES
13549,P005,2024-04-08,5317.4,FR
13550,P011,2024-04-08,10087.3,IT
13551,P008,2024-04-08,1629.96,FR
13552,P002,2024-04-09,1396.9,IT
13553,P003,2024-04-09,1845.13,IT
13554,P025,2024-04-09,7973.4,FR
13555,P008,2024-04-09,1629.96,FR
13556,P031,2024-04-09,9895.88,FR
13557,P025,2024-04-09,3189.36,IT
13558,P017,2024-04-09,5390.12,ES
13559,P035,2024-04-10,1597.8,ES
13560,P012,2024-04-10,2581.56,IT
13561,P002,2024-04-10,2095.35,ES
13562,P030,2024-04-10,2105.3,ES
13563,P009,2024-04-10,1688.37,IT
13564,P027,2024-04-10,2713.76,ES
13565,P030,2024-04-11,1263.18,ES
13566,P026,2024-04-11,4674.5,DE
13567,P014,2024-04-11,490.94,IT
13568,P024,2024-04-11,1329.95,DE
13569,P020,2024-04-11,8625.36,IT
13570,P007,2024-04-11,323.76,FR
13571,P027,2024-04-12,1356.88,ES
13572,P036,2024-04-12,2157.16,DE
13573,P029,2024-04-12,880.56,FR
13574,P012,2024-04-12,4302.6,IT
13575,P026,2024-04-12,1869.8,IT
13576,P021,2024-04-12,3531.72,DE
13577,P032,2024-04-12,6995.1,IT
13578,P005,2024-04-13,1063.48,IT
13579,P022,2024-04-13,1743.99,ES
13580,P010,2024-04-13,6079.29,ES
13581,P021,2024-04-14,7063.44,DE
13582,P012,2024-04-14,2581.56,DE
13583,P011,2024-04-14,4034.92,IT
13584,P035,2024-04-14,3195.6,FR
13585,P036,2024-04-14,2157.16,IT
13586,P016,2024-04-14,4041.42,IT
13587,P003,2024-04-14,7380.52,ES
13588,P011,2024-04-15,2017.46,FR
13589,P012,2024-04-15,860.52,ES
13590,P023,2024-04-15,213.28,ES
13591,P012,2024-04-15,4302.6,FR
13592,P026,2024-04-15,934.9,DE
13593,P021,2024-04-15,1765.86,DE
13594,P002,2024-04-16,3492.25,DE
13595,P024,2024-04-16,531.98,FR
13596,P002,2024-04-16,2095.35,DE
13597,P016,2024-04-16,6062.13,IT
13598,P028,2024-04-16,1625.37,FR
13599,P030,2024-04-16,421.06,DE
13600,P009,2024-04-17,562.79,ES
13601,P025,2024-04-17,6378.72,FR
13602,P003,2024-04-17,5535.39,IT
13603,P033,2024-04-18,8437.96,ES
13604,P023,2024-04-18,639.84,DE
13605,P019,2024-04-18,2076.07,DE
13606,P006,2024-04-18,1674.96,DE
13607,P009,2024-04-18,562.79,FR
13608,P024,2024-04-19,531.98,DE
13609,P006,2024-04-19,558.32,DE
13610,P022,2024-04-19,581.33,ES
13611,P030,2024-04-19,1263.18,FR
13612,P004,2024-04-20,4464.14,FR
13613,P006,2024-04-20,558.32,DE
13614,P028,2024-04-20,3250.74,FR
13615,P006,2024-04-21,1674.96,DE
13616,P013,2024-04-21,9574.68,IT
13617,P019,2024-04-21,10380.35,FR
13618,P012,2024-04-21,860.52,FR
13619,P013,2024-04-21,4787.34,ES
13620,P008,2024-04-21,1629.96,ES
13621,P021,2024-04-21,3531.72,DE
13622,P019,2024-04-21,8304.28,FR
13623,P017,2024-04-22,2695.06,ES
13624,P017,2024-04-22,2695.06,IT
13625,P005,2024-04-22,3190.44,IT
13626,P028,2024-04-22,6501.48,FR
13627,P006,2024-04-22,2791.6,DE
13628,P005,2024-04-22,3190.44,IT
13629,P031,2024-04-23,9895.88,FR
13630,P032,2024-04-23,6995.1,FR
13631,P011,2024-04-23,6052.38,IT
13632,P030,2024-04-23,1684.24,IT
13633,P029,2024-04-23,880.56,IT
13634,P009,2024-04-24,2251.16,FR
13635,P024,2024-04-24,1063.96,ES
13636,P012,2024-04-24,860.52,ES
13637,P010,2024-04-25,6079.29,DE
13638,P032,2024-04-25,2798.04,DE
13639,P018,2024-04-25,1911.32,DE
13640,P032,2024-04-25,5596.08,IT
13641,P004,2024-04-25,2232.07,DE
13642,P031,2024-04-25,7421.91,DE
13643,P032,2024-04-26,5596.08,IT
13644,P020,2024-04-26,4312.68,IT
13645,P020,2024-04-26,10781.7,DE
13646,P008,2024-04-26,3259.92,FR
13647,P024,2024-04-26,531.98,ES
13648,P031,2024-04-26,2473.97,IT
13649,P027,2024-04-26,1356.88,IT
13650,P021,2024-04-27,7063.44,DE
13651,P022,2024-04-27,1743.99,FR
13652,P021,2024-04-27,8829.3,FR
13653,P016,2024-04-27,8082.84,IT
13654,P033,2024-04-28,8437.96,ES
13655,P021,2024-04-28,8829.3,ES
13656,P018,2024-04-28,3822.64,DE
13657,P013,2024-04-28,7181.01,IT
13658,P004,2024-04-28,4464.14,ES
13659,P021,2024-04-29,8829.3,IT
13660,P010,2024-04-29,6079.29,ES
13661,P035,2024-04-29,1597.8,FR
13662,P004,2024-04-30,4464.14,DE
13663,P025,2024-04-30,1594.68,IT
13664,P014,2024-04-30,736.41,DE
13665,P027,2024-04-30,2035.32,IT
13666,P010,2024-04-30,8105.72,ES
13667,P029,2024-04-30,1320.84,ES
13668,P030,2024-04-30,842.12,IT
13669,P011,2024-04-30,4034.92,ES
13670,P004,2024-05-01,11160.35,FR
13671,P010,2024-05-01,8105.72,IT
13672,P028,2024-05-01,4876.11,ES
13673,P003,2024-05-02,5535.39,FR
13674,P003,2024-05-02,1845.13,ES
13675,P005,2024-05-02,2126.96,FR
13676,P034,2024-05-02,1168.36,DE
13677,P024,2024-05-02,797.97,DE
13678,P005,2024-05-03,4253.92,DE
13679,P027,2024-05-03,2713.76,ES
13680,P006,2024-05-03,2233.28,ES
13681,P017,2024-05-03,2695.06,ES
13682,P036,2024-05-03,539.29,ES
13683,P003,2024-05-04,3690.26,DE
13684,P033,2024-05-04,6328.47,FR
13685,P026,2024-05-04,4674.5,IT
13686,P027,2024-05-05,678.44,DE
13687,P003,2024-05-05,3690.26,FR
13688,P023,2024-05-05,213.28,DE
13689,P026,2024-05-06,1869.8,DE
13690,P019,2024-05-06,10380.35,ES
13691,P025,2024-05-06,3189.36,IT
13692,P013,2024-05-06,7181.01,IT
13693,P019,2024-05-07,2076.07,FR
13694,P033,2024-05-07,8437.96,IT
13695,P008,2024-05-07,6519.84,ES
13696,P014,2024-05-07,1227.35,DE
13697,P014,2024-05-07,736.41,DE
13698,P004,2024-05-07,4464.14,IT
13699,P033,2024-05-07,6328.47,IT
13700,P012,2024-05-07,1721.04,DE
13701,P021,2024-05-08,7063.44,IT
13702,P031,2024-05-08,12369.85,ES
13703,P016,2024-05-08,10103.55,FR
13704,P002,2024-05-08,698.45,DE
13705,P001,2024-05-08,6415.92,DE
13706,P011,2024-05-08,2017.46,DE
13707,P013,2024-05-09,7181.01,FR
13708,P027,2024-05-09,678.44,IT
13709,P003,2024-05-09,5535.39,DE
13710,P030,2024-05-09,421.06,FR
13711,P012,2024-05-09,860.52,IT
13712,P016,2024-05-09,10103.55,FR
13713,P002,2024-05-09,3492.25,IT
13714,P010,2024-05-09,2026.43,FR
13715,P002,2024-05-10,2793.8,DE
13716,P027,2024-05-10,678.44,FR
13717,P005,2024-05-10,3190.44,ES
13718,P031,2024-05-10,7421.91,ES
13719,P018,2024-05-10,1911.32,FR
13720,P003,2024-05-10,7380.52,FR
13721,P004,2024-05-11,6696.21,IT
13722,P024,2024-05-11,1063.96,FR
13723,P024,2024-05-11,1329.95,DE
13724,P023,2024-05-11,426.56,FR
13725,P030,2024-05-11,1263.18,ES
13726,P032,2024-05-11,6995.1,DE
13727,P028,2024-05-11,8126.85,DE
13728,P022,2024-05-11,2325.32,IT
13729,P011,2024-05-12,6052.38,IT
13730,P022,2024-05-12,1162.66,FR
13731,P026,2024-05-12,3739.6,DE
13732,P035,2024-05-12,3994.5,ES
13733,P001,2024-05-12,8019.9,IT
13734,P015,2024-05-12,6363.06,IT
13735,P021,2024-05-12,5297.58,DE
13736,P026,2024-05-13,4674.5,FR
13737,P027,2024-05-13,678.44,ES
13738,P030,2024-05-13,842.12,ES
13739,P007,2024-05-13,161.88,IT
13740,P020,2024-05-13,8625.36,DE
13741,P035,2024-05-13,798.9,ES
13742,P002,2024-05-13,2095.35,ES
13743,P012,2024-05-13,860.52,FR
13744,P008,2024-05-14,4889.88,ES
13745,P020,2024-05-14,8625.36,IT
13746,P020,2024-05-14,10781.7,DE
13747,P003,2024-05-14,7380.52,FR
13748,P021,2024-05-14,1765.86,IT
13749,P031,2024-05-14,12369.85,ES
13750,P023,2024-05-15,853.12,FR
13751,P003,2024-05-15,1845.13,ES
13752,P035,2024-05-15,798.9,IT
13753,P007,2024-05-15,323.76,IT
13754,P031,2024-05-15,7421.91,IT
13755,P029,2024-05-15,2201.4,IT
13756,P001,2024-05-15,3207.96,FR
13757,P029,2024-05-15,2201.4,IT
13758,P025,2024-05-16,1594.68,IT
13759,P008,2024-05-16,8149.8,IT
13760,P029,2024-05-16,880.56,IT
13761,P022,2024-05-16,581.33,FR
13762,P013,2024-05-16,9574.68,FR
13763,P012,2024-05-17,3442.08,ES
13764,P012,2024-05-17,2581.56,DE
13765,P029,2024-05-17,440.28,IT
13766,P009,2024-05-17,2813.95,ES
13767,P032,2024-05-17,5596.08,DE
13768,P034,2024-05-17,1752.54,ES
13769,P003,2024-05-18,7380.52,FR
13770,P005,2024-05-18,3190.44,ES
13771,P026,2024-05-18,1869.8,ES
13772,P002,2024-05-18,698.45,ES
13773,P013,2024-05-18,11968.35,ES
13774,P017,2024-05-18,1347.53,DE
13775,P008,2024-05-19,1629.96,FR
13776,P010,2024-05-19,4052.86,FR
13777,P024,2024-05-19,1329.95,ES
13778,P034,2024-05-19,1752.54,IT
13779,P009,2024-05-19,1125.58,IT
13780,P013,2024-05-19,9574.68,ES
13781,P007,2024-05-20,323.76,IT
13782,P009,2024-05-20,1125.58,IT
13783,P033,2024-05-20,10547.45,DE
13784,P027,2024-05-20,2035.32,FR
13785,P004,2024-05-21,8928.28,FR
13786,P026,2024-05-21,1869.8,IT
13787,P029,2024-05-21,880.56,IT
13788,P033,2024-05-21,4218.98,FR
13789,P034,2024-05-21,2336.72,DE
13790,P002,2024-05-21,698.45,ES
13791,P003,2024-05-22,5535.39,DE
13792,P030,2024-05-22,1263.18,DE
13793,P021,2024-05-22,7063.44,IT
13794,P036,2024-05-22,2696.45,FR
13795,P006,2024-05-23,2233.28,DE
13796,P034,2024-05-23,584.18,DE
13797,P018,2024-05-23,2866.98,FR
13798,P021,2024-05-23,8829.3,ES
13799,P020,2024-05-23,6469.02,ES
13800,P028,2024-05-24,3250.74,ES
13801,P019,2024-05-24,6228.21,DE
13802,P030,2024-05-24,2105.3,FR
13803,P019,2024-05-24,4152.14,IT
13804,P022,2024-05-24,2325.32,DE
13805,P031,2024-05-25,7421.91,IT
13806,P022,2024-05-25,1743.99,DE
13807,P008,2024-05-25,8149.8,IT
13808,P005,2024-05-25,3190.44,DE
13809,P036,2024-05-25,1617.87,ES
13810,P018,2024-05-25,3822.64,IT
13811,P031,2024-05-26,9895.88,FR
13812,P009,2024-05-26,562.79,FR
13813,P004,2024-05-26,2232.07,IT
13814,P035,2024-05-27,1597.8,ES
13815,P028,2024-05-27,1625.37,IT
13816,P008,2024-05-27,8149.8,ES
13817,P028,2024-05-27,3250.74,IT
13818,P018,2024-05-27,2866.98,ES
13819,P002,2024-05-27,3492.25,FR
13820,P015,2024-05-27,8484.08,DE
13821,P002,2024-05-28,698.45,IT
13822,P008,2024-05-28,3259.92,DE
13823,P016,2024-05-28,10103.55,DE
13824,P015,2024-05-28,2121.02,ES
13825,P020,2024-05-28,10781.7,ES
13826,P014,2024-05-28,245.47,IT
13827,P029,2024-05-28,880.56,IT
13828,P002,2024-05-29,2095.35,IT
13829,P032,2024-05-29,6995.1,DE
13830,P002,2024-05-29,3492.25,FR
13831,P014,2024-05-29,490.94,DE
13832,P025,2024-05-29,6378.72,FR
13833,P021,2024-05-29,7063.44,FR
13834,P019,2024-05-30,8304.28,ES
13835,P016,2024-05-30,2020.71,DE
13836,P002,2024-05-30,3492.25,FR
13837,P025,2024-05-30,6378.72,ES
13838,P029,2024-05-30,440.28,DE
13839,P023,2024-05-30,639.84,DE
13840,P031,2024-05-30,4947.94,FR
13841,P034,2024-05-30,2920.9,ES
13842,P024,2024-05-31,531.98,DE
13843,P011,2024-05-31,10087.3,DE
13844,P006,2024-05-31,1674.96,DE
13845,P019,2024-05-31,8304.28,IT
13846,P015,2024-05-31,6363.06,IT
13847,P005,2024-05-31,1063.48,ES
13848,P012,2024-06-01,4302.6,ES
13849,P011,2024-06-01,2017.46,ES
13850,P005,2024-06-01,1063.48,FR
13851,P035,2024-06-01,3195.6,DE
13852,P012,2024-06-01,4302.6,IT
13853,P001,2024-06-01,3207.96,ES
13854,P002,2024-06-01,3492.25,ES
13855,P009,2024-06-01,562.79,FR
13856,P016,2024-06-02,6062.13,DE
13857,P016,2024-06-02,4041.42,DE
13858,P016,2024-06-02,10103.55,DE
13859,P025,2024-06-02,1594.68,IT
13860,P032,2024-06-03,5596.08,FR
13861,P030,2024-06-03,2105.3,DE
13862,P026,2024-06-03,2804.7,IT
13863,P033,2024-06-03,4218.98,DE
13864,P005,2024-06-03,3190.44,ES
13865,P027,2024-06-03,2713.76,ES
13866,P002,2024-06-03,2793.8,DE
13867,P014,2024-06-04,490.94,FR
13868,P009,2024-06-04,1688.37,FR
13869,P010,2024-06-04,4052.86,DE
13870,P026,2024-06-05,3739.6,IT
13871,P030,2024-06-05,1684.24,IT
13872,P010,2024-06-05,2026.43,DE
13873,P004,2024-06-05,8928.28,ES
13874,P028,2024-06-05,8126.85,FR
13875,P033,2024-06-05,8437.96,ES
13876,P023,2024-06-06,426.56,FR
13877,P011,2024-06-06,2017.46,DE
13878,P036,2024-06-06,539.29,FR
13879,P034,2024-06-07,584.18,DE
13880,P022,2024-06-07,2325.32,DE
13881,P021,2024-06-07,5297.58,ES
13882,P008,2024-06-07,6519.84,IT
13883,P003,2024-06-08,9225.65,IT
13884,P025,2024-06-08,6378.72,IT
13885,P010,2024-06-08,4052.86,IT
13886,P025,2024-06-08,6378.72,FR
13887,P003,2024-06-08,1845.13,ES
13888,P027,2024-06-08,1356.88,FR
13889,P028,2024-06-08,8126.85,DE
13890,P005,2024-06-09,1063.48,FR
13891,P031,2024-06-09,4947.94,FR
13892,P032,2024-06-09,1399.02,FR
13893,P024,2024-06-10,797.97,IT
13894,P021,2024-06-10,3531.72,ES
13895,P016,2024-06-10,2020.71,FR
13896,P018,2024-06-10,4778.3,DE
13897,P026,2024-06-10,4674.5,ES
13898,P007,2024-06-10,404.7,FR
13899,P016,2024-06-10,4041.42,DE
13900,P033,2024-06-11,8437.96,FR
13901,P022,2024-06-11,581.33,FR
13902,P031,2024-06-11,2473.97,DE
13903,P028,2024-06-11,6501.48,ES
13904,P031,2024-06-11,7421.91,IT
13905,P020,2024-06-11,8625.36,IT
13906,P014,2024-06-11,981.88,IT
13907,P011,2024-06-12,4034.92,ES
13908,P025,2024-06-12,1594.68,FR
13909,P001,2024-06-12,8019.9,FR
13910,P006,2024-06-12,1116.64,IT
13911,P012,2024-06-13,1721.04,FR
13912,P023,2024-06-13,1066.4,IT
13913,P011,2024-06-13,6052.38,FR
13914,P006,2024-06-13,2791.6,FR
13915,P011,2024-06-13,8069.84,IT
13916,P019,2024-06-13,10380.35,DE
13917,P009,2024-06-14,2251.16,IT
13918,P033,2024-06-14,8437.96,DE
13919,P019,2024-06-14,8304.28,ES
13920,P011,2024-06-14,8069.84,DE
13921,P033,2024-06-14,6328.47,IT
13922,P020,2024-06-15,6469.02,FR
13923,P030,2024-06-15,842.12,IT
13924,P004,2024-06-15,2232.07,FR
13925,P029,2024-06-15,880.56,ES
13926,P021,2024-06-16,3531.72,IT
13927,P027,2024-06-16,3392.2,ES
13928,P014,2024-06-16,245.47,ES
13929,P026,2024-06-16,2804.7,FR
13930,P003,2024-06-16,7380.52,DE
13931,P026,2024-06-17,2804.7,DE
13932,P021,2024-06-17,7063.44,ES
13933,P012,2024-06-17,1721.04,ES
13934,P006,2024-06-17,1674.96,FR
13935,P009,2024-06-17,2813.95,IT
13936,P013,2024-06-17,4787.34,FR
13937,P024,2024-06-18,797.97,FR
13938,P001,2024-06-18,6415.92,ES
13939,P010,2024-06-18,10132.15,ES
13940,P034,2024-06-19,2920.9,FR
13941,P003,2024-06-19,9225.65,ES
13942,P030,2024-06-19,1263.18,IT
13943,P027,2024-06-19,678.44,DE
13944,P030,2024-06-19,2105.3,DE
13945,P015,2024-06-19,6363.06,FR
13946,P015,2024-06-20,10605.1,DE
13947,P017,2024-06-20,6737.65,ES
13948,P015,2024-06-20,4242.04,ES
13949,P004,2024-06-21,6696.21,DE
13950,P033,2024-06-21,6328.47,FR
13951,P014,2024-06-21,1227.35,FR
13952,P008,2024-06-21,6519.84,DE
13953,P035,2024-06-21,1597.8,ES
13954,P028,2024-06-21,4876.11,FR
13955,P007,2024-06-22,242.82,IT
13956,P019,2024-06-22,6228.21,IT
13957,P028,2024-06-22,3250.74,IT
13958,P020,2024-06-23,10781.7,FR
13959,P010,2024-06-23,2026.43,FR
13960,P018,2024-06-23,955.66,DE
13961,P008,2024-06-23,8149.8,FR
13962,P008,2024-06-23,8149.8,DE
13963,P006,2024-06-24,1116.64,DE
13964,P035,2024-06-24,798.9,ES
13965,P011,2024-06-24,6052.38,FR
13966,P035,2024-06-24,3195.6,FR
13967,P022,2024-06-24,2325.32,IT
13968,P014,2024-06-25,490.94,IT
13969,P005,2024-06-25,2126.96,ES
13970,P030,2024-06-25,1263.18,ES
13971,P003,2024-06-25,7380.52,ES
13972,P023,2024-06-25,639.84,ES
13973,P001,2024-06-25,6415.92,ES
13974,P034,2024-06-26,584.18,ES
13975,P032,2024-06-26,6995.1,DE
13976,P003,2024-06-26,5535.39,FR
13977,P028,2024-06-27,1625.37,FR
13978,P020,2024-06-27,4312.68,DE
13979,P010,2024-06-27,6079.29,ES
13980,P034,2024-06-27,584.18,ES
13981,P020,2024-06-27,2156.34,ES
13982,P021,2024-06-27,1765.86,ES
13983,P007,2024-06-27,80.94,FR
13984,P021,2024-06-28,3531.72,DE
13985,P006,2024-06-28,558.32,IT
13986,P036,2024-06-28,2696.45,ES
13987,P036,2024-06-28,2696.45,FR
13988,P020,2024-06-28,8625.36,FR
13989,P006,2024-06-29,1674.96,FR
13990,P004,2024-06-29,2232.07,FR
13991,P001,2024-06-29,6415.92,FR
13992,P024,2024-06-29,1329.95,ES
13993,P011,2024-06-29,10087.3,DE
13994,P022,2024-06-29,1162.66,DE
13995,P031,2024-06-30,4947.94,ES
13996,P033,2024-06-30,8437.96,ES
13997,P034,2024-06-30,2920.9,FR
13998,P016,2024-07-01,8082.84,ES
13999,P025,2024-07-01,7973.4,ES
14000,P009,2024-07-01,2813.95,ES
14001,P019,2024-07-01,4152.14,DE
14002,P027,2024-07-01,3392.2,ES
14003,P008,2024-07-01,8149.8,IT
14004,P017,2024-07-01,2695.06,FR
14005,P008,2024-07-02,3259.92,ES
14006,P003,2024-07-02,3690.26,ES
14007,P005,2024-07-02,4253.92,ES
14008,P018,2024-07-02,4778.3,DE
14009,P014,2024-07-02,245.47,DE
14010,P007,2024-07-02,161.88,IT
14011,P010,2024-07-02,2026.43,DE
14012,P025,2024-07-03,7973.4,DE
14013,P013,2024-07-03,4787.34,ES
14014,P023,2024-07-03,426.56,ES
14015,P018,2024-07-03,955.66,DE
14016,P028,2024-07-03,3250.74,ES
14017,P030,2024-07-03,1263.18,IT
14018,P019,2024-07-04,6228.21,DE
14019,P028,2024-07-04,1625.37,DE
14020,P034,2024-07-04,2920.9,IT
14021,P015,2024-07-05,4242.04,IT
14022,P025,2024-07-05,3189.36,FR
14023,P029,2024-07-05,440.28,ES
14024,P032,2024-07-05,2798.04,DE
14025,P018,2024-07-05,2866.98,IT
14026,P018,2024-07-06,4778.3,IT
14027,P026,2024-07-06,934.9,ES
14028,P019,2024-07-06,4152.14,DE
14029,P034,2024-07-07,1168.36,ES
14030,P036,2024-07-07,2696.45,FR
14031,P031,2024-07-07,4947.94,DE
14032,P020,2024-07-07,8625.36,ES
14033,P018,2024-07-07,1911.32,IT
14034,P023,2024-07-07,853.12,IT
14035,P016,2024-07-08,2020.71,IT
14036,P031,2024-07-08,4947.94,ES
14037,P015,2024-07-08,10605.1,DE
14038,P005,2024-07-08,5317.4,DE
14039,P003,2024-07-09,7380.52,ES
14040,P005,2024-07-09,5317.4,IT
14041,P009,2024-07-09,1125.58,ES
14042,P007,2024-07-09,242.82,DE
14043,P027,2024-07-09,2035.32,IT
14044,P006,2024-07-09,1116.64,FR
14045,P035,2024-07-10,1597.8,DE
14046,P018,2024-07-10,1911.32,ES
14047,P014,2024-07-10,736.41,IT
14048,P033,2024-07-10,4218.98,IT
14049,P028,2024-07-10,4876.11,DE
14050,P036,2024-07-11,1078.58,DE
14051,P007,2024-07-11,404.7,FR
14052,P018,2024-07-11,1911.32,DE
14053,P003,2024-07-11,3690.26,IT
14054,P013,2024-07-11,7181.01,IT
14055,P029,2024-07-11,2201.4,ES
14056,P014,2024-07-12,736.41,DE
14057,P005,2024-07-12,4253.92,ES
14058,P011,2024-07-12,2017.46,FR
14059,P007,2024-07-13,161.88,IT
14060,P010,2024-07-13,2026.43,IT
14061,P011,2024-07-13,10087.3,DE
14062,P011,2024-07-13,10087.3,FR
14063,P028,2024-07-13,8126.85,DE
14064,P021,2024-07-13,8829.3,IT
14065,P013,2024-07-14,7181.01,DE
14066,P035,2024-07-14,798.9,ES
14067,P009,2024-07-14,1125.58,ES
14068,P026,2024-07-15,4674.5,IT
14069,P034,2024-07-15,2920.9,DE
14070,P016,2024-07-15,10103.55,ES
14071,P035,2024-07-15,798.9,DE
14072,P035,2024-07-15,2396.7,IT
14073,P036,2024-07-15,1078.58,DE
14074,P014,2024-07-16,490.94,IT
14075,P010,2024-07-16,8105.72,IT
14076,P035,2024-07-16,2396.7,DE
14077,P018,2024-07-16,955.66,ES
14078,P001,2024-07-16,1603.98,DE
14079,P002,2024-07-16,2095.35,ES
14080,P006,2024-07-17,1116.64,IT
14081,P029,2024-07-17,1320.84,ES
14082,P002,2024-07-17,1396.9,DE
14083,P025,2024-07-17,1594.68,ES
14084,P019,2024-07-17,4152.14,ES
14085,P010,2024-07-17,10132.15,DE
14086,P032,2024-07-17,1399.02,ES
14087,P019,2024-07-17,10380.35,IT
14088,P031,2024-07-18,12369.85,IT
14089,P002,2024-07-18,3492.25,ES
14090,P017,2024-07-18,5390.12,DE
14091,P022,2024-07-18,1743.99,FR
14092,P010,2024-07-18,8105.72,DE
14093,P027,2024-07-18,2035.32,IT
14094,P004,2024-07-19,6696.21,FR
14095,P025,2024-07-19,1594.68,ES
14096,P031,2024-07-19,9895.88,IT
14097,P027,2024-07-19,3392.2,IT
14098,P023,2024-07-19,1066.4,ES
14099,P004,2024-07-20,2232.07,ES
14100,P017,2024-07-20,1347.53,DE
14101,P017,2024-07-20,2695.06,DE
14102,P034,2024-07-21,2336.72,ES
14103,P005,2024-07-21,3190.44,DE
14104,P005,2024-07-21,4253.92,IT
14105,P011,2024-07-21,10087.3,DE
14106,P011,2024-07-22,4034.92,IT
14107,P009,2024-07-22,2813.95,ES
14108,P007,2024-07-22,242.82,FR
14109,P003,2024-07-22,5535.39,IT
14110,P023,2024-07-22,639.84,FR
14111,P026,2024-07-23,2804.7,IT
14112,P012,2024-07-23,1721.04,ES
14113,P006,2024-07-23,2233.28,DE
14114,P018,2024-07-23,4778.3,IT
14115,P007,2024-07-24,161.88,ES
14116,P022,2024-07-24,1162.66,FR
14117,P004,2024-07-24,6696.21,IT
14118,P004,2024-07-24,4464.14,FR
14119,P023,2024-07-25,1066.4,DE
14120,P021,2024-07-25,1765.86,ES
14121,P015,2024-07-25,2121.02,FR
14122,P030,2024-07-25,1684.24,FR
14123,P013,2024-07-26,11968.35,IT
14124,P013,2024-07-26,4787.34,ES
14125,P021,2024-07-26,1765.86,IT
14126,P005,2024-07-27,5317.4,FR
14127,P021,2024-07-27,1765.86,FR
14128,P027,2024-07-27,3392.2,ES
14129,P012,2024-07-27,860.52,FR
14130,P007,2024-07-27,323.76,IT
14131,P009,2024-07-27,2813.95,ES
14132,P025,2024-07-27,6378.72,IT
14133,P019,2024-07-27,2076.07,ES
14134,P014,2024-07-28,736.41,IT
14135,P004,2024-07-28,6696.21,FR
14136,P034,2024-07-28,2920.9,IT
14137,P035,2024-07-28,1597.8,ES
14138,P034,2024-07-28,1752.54,FR
14139,P009,2024-07-28,2251.16,FR
14140,P011,2024-07-28,10087.3,DE
14141,P029,2024-07-29,1320.84,IT
14142,P005,2024-07-29,3190.44,IT
14143,P019,2024-07-29,10380.35,FR
14144,P003,2024-07-29,1845.13,ES
14145,P026,2024-07-30,3739.6,IT
14146,P007,2024-07-30,161.88,DE
14147,P002,2024-07-30,1396.9,ES
14148,P014,2024-07-30,981.88,FR
14149,P006,2024-07-30,558.32,ES
14150,P030,2024-07-30,1263.18,FR
14151,P014,2024-07-31,736.41,DE
14152,P028,2024-07-31,8126.85,IT
14153,P007,2024-07-31,323.76,ES
14154,P036,2024-07-31,1078.58,DE
14155,P019,2024-08-01,2076.07,IT
14156,P020,2024-08-01,2156.34,IT
14157,P013,2024-08-01,7181.01,ES
14158,P036,2024-08-01,2696.45,DE
14159,P003,2024-08-01,3690.26,DE
14160,P008,2024-08-02,1629.96,ES
14161,P002,2024-08-02,698.45,ES
14162,P005,2024-08-02,3190.44,IT
14163,P029,2024-08-02,2201.4,DE
14164,P027,2024-08-02,3392.2,DE
14165,P019,2024-08-02,10380.35,IT
14166,P034,2024-08-02,1168.36,ES
14167,P025,2024-08-02,7973.4,ES
14168,P007,2024-08-03,80.94,FR
14169,P013,2024-08-03,4787.34,IT
14170,P015,2024-08-03,4242.04,ES
14171,P036,2024-08-03,2157.16,DE
14172,P031,2024-08-03,9895.88,FR
14173,P002,2024-08-04,2793.8,ES
14174,P014,2024-08-04,1227.35,IT
14175,P015,2024-08-04,10605.1,DE
14176,P016,2024-08-04,4041.42,FR
14177,P001,2024-08-04,6415.92,FR
14178,P028,2024-08-04,1625.37,ES
14179,P023,2024-08-05,426.56,IT
14180,P018,2024-08-05,4778.3,IT
14181,P025,2024-08-05,6378.72,DE
14182,P001,2024-08-05,6415.92,IT
14183,P010,2024-08-05,4052.86,FR
14184,P022,2024-08-05,581.33,IT
14185,P018,2024-08-05,4778.3,IT
14186,P020,2024-08-06,6469.02,FR
14187,P011,2024-08-06,4034.92,IT
14188,P033,2024-08-06,10547.45,ES
14189,P005,2024-08-06,1063.48,ES
14190,P013,2024-08-06,2393.67,DE
14191,P022,2024-08-06,581.33,ES
14192,P034,2024-08-06,2920.9,FR
14193,P005,2024-08-07,3190.44,FR
14194,P027,2024-08-07,1356.88,FR
14195,P029,2024-08-07,1761.12,IT
14196,P024,2024-08-07,797.97,FR
14197,P032,2024-08-07,5596.08,ES
14198,P004,2024-08-08,8928.28,DE
14199,P026,2024-08-08,3739.6,FR
14200,P009,2024-08-08,562.79,FR
14201,P032,2024-08-08,5596.08,IT
14202,P005,2024-08-09,3190.44,ES
14203,P034,2024-08-09,2920.9,DE
14204,P013,2024-08-09,4787.34,FR
14205,P006,2024-08-09,1674.96,FR
14206,P013,2024-08-10,9574.68,ES
14207,P035,2024-08-10,3195.6,ES
14208,P011,2024-08-10,2017.46,ES
14209,P011,2024-08-10,8069.84,DE
14210,P016,2024-08-11,6062.13,DE
14211,P032,2024-08-11,6995.1,ES
14212,P008,2024-08-11,3259.92,IT
14213,P035,2024-08-11,2396.7,IT
14214,P004,2024-08-11,4464.14,IT
14215,P010,2024-08-11,6079.29,ES
14216,P018,2024-08-12,955.66,DE
14217,P014,2024-08-12,736.41,FR
14218,P031,2024-08-12,2473.97,DE
14219,P032,2024-08-12,6995.1,FR
14220,P005,2024-08-12,2126.96,DE
14221,P035,2024-08-12,798.9,FR
14222,P027,2024-08-13,3392.2,FR
14223,P032,2024-08-13,6995.1,FR
14224,P028,2024-08-13,8126.85,IT
14225,P033,2024-08-13,10547.45,IT
14226,P002,2024-08-13,1396.9,ES
14227,P002,2024-08-13,3492.25,FR
14228,P008,2024-08-13,6519.84,FR
14229,P016,2024-08-14,10103.55,DE
14230,P024,2024-08-14,265.99,FR
14231,P010,2024-08-14,4052.86,FR
14232,P023,2024-08-14,426.56,IT
14233,P024,2024-08-14,797.97,FR
14234,P017,2024-08-14,6737.65,DE
14235,P034,2024-08-15,1168.36,FR
14236,P009,2024-08-15,2813.95,FR
14237,P003,2024-08-15,9225.65,FR
14238,P035,2024-08-16,3994.5,DE
14239,P009,2024-08-16,1688.37,ES
14240,P015,2024-08-16,10605.1,FR
14241,P017,2024-08-16,4042.59,ES
14242,P022,2024-08-16,2906.65,IT
14243,P006,2024-08-16,1674.96,IT
14244,P033,2024-08-17,2109.49,FR
14245,P023,2024-08-17,426.56,IT
14246,P025,2024-08-17,3189.36,FR
14247,P029,2024-08-17,1761.12,FR
14248,P005,2024-08-17,4253.92,FR
14249,P035,2024-08-17,3195.6,ES
14250,P028,2024-08-17,6501.48,DE
14251,P034,2024-08-18,1168.36,ES
14252,P003,2024-08-18,9225.65,FR
14253,P034,2024-08-18,2336.72,ES
14254,P016,2024-08-18,2020.71,DE
14255,P024,2024-08-18,1063.96,DE
14256,P022,2024-08-19,2325.32,DE
14257,P008,2024-08-19,4889.88,DE
14258,P022,2024-08-19,1743.99,ES
14259,P034,2024-08-19,2336.72,FR
14260,P009,2024-08-19,2813.95,ES
14261,P016,2024-08-19,4041.42,DE
14262,P015,2024-08-19,10605.1,ES
14263,P011,2024-08-20,2017.46,FR
14264,P035,2024-08-20,2396.7,IT
14265,P022,2024-08-20,1162.66,FR
14266,P015,2024-08-20,4242.04,IT
14267,P024,2024-08-20,531.98,FR
14268,P026,2024-08-20,2804.7,IT
14269,P034,2024-08-21,2336.72,FR
14270,P021,2024-08-21,7063.44,ES
14271,P015,2024-08-21,4242.04,IT
14272,P008,2024-08-21,8149.8,FR
14273,P031,2024-08-21,9895.88,FR
14274,P013,2024-08-21,7181.01,DE
14275,P006,2024-08-22,1116.64,IT
14276,P006,2024-08-22,1674.96,FR
14277,P021,2024-08-22,3531.72,FR
14278,P012,2024-08-23,4302.6,IT
14279,P031,2024-08-23,12369.85,FR
14280,P028,2024-08-23,4876.11,ES
14281,P018,2024-08-23,955.66,ES
14282,P006,2024-08-23,1674.96,FR
14283,P025,2024-08-23,7973.4,DE
14284,P034,2024-08-23,2920.9,FR
14285,P009,2024-08-23,2251.16,ES
14286,P009,2024-08-24,2813.95,DE
14287,P011,2024-08-24,6052.38,IT
14288,P004,2024-08-24,11160.35,FR
14289,P029,2024-08-24,1761.12,ES
14290,P011,2024-08-24,8069.84,FR
14291,P018,2024-08-25,2866.98,DE
14292,P021,2024-08-25,8829.3,FR
14293,P033,2024-08-25,6328.47,FR
14294,P028,2024-08-25,1625.37,ES
14295,P003,2024-08-25,3690.26,IT
14296,P015,2024-08-26,4242.04,DE
14297,P009,2024-08-26,562.79,DE
14298,P005,2024-08-26,1063.48,ES
14299,P031,2024-08-26,12369.85,IT
14300,P028,2024-08-26,3250.74,FR
14301,P020,2024-08-26,10781.7,ES
14302,P032,2024-08-26,5596.08,IT
14303,P029,2024-08-26,1761.12,IT
14304,P010,2024-08-27,2026.43,DE
14305,P033,2024-08-27,4218.98,IT
14306,P014,2024-08-27,1227.35,IT
14307,P035,2024-08-27,1597.8,DE
14308,P009,2024-08-27,2813.95,IT
14309,P001,2024-08-27,4811.94,ES
14310,P001,2024-08-28,8019.9,FR
14311,P017,2024-08-28,2695.06,ES
14312,P036,2024-08-28,1617.87,FR
14313,P011,2024-08-28,8069.84,FR
14314,P006,2024-08-28,2233.28,IT
14315,P023,2024-08-28,853.12,DE
14316,P024,2024-08-29,797.97,FR
14317,P025,2024-08-29,7973.4,IT
14318,P010,2024-08-29,2026.43,FR
14319,P036,2024-08-29,539.29,DE
14320,P036,2024-08-29,2157.16,ES
14321,P031,2024-08-29,2473.97,ES
14322,P014,2024-08-29,981.88,ES
14323,P012,2024-08-29,2581.56,FR
14324,P014,2024-08-30,981.88,DE
14325,P028,2024-08-30,8126.85,DE
14326,P020,2024-08-30,10781.7,FR
14327,P011,2024-08-30,6052.38,FR
14328,P014,2024-08-31,1227.35,ES
14329,P027,2024-08-31,2713.76,FR
14330,P032,2024-08-31,2798.04,DE
14331,P016,2024-08-31,10103.55,ES
14332,P017,2024-08-31,5390.12,DE
14333,P029,2024-08-31,2201.4,FR
14334,P012,2024-08-31,1721.04,IT
14335,P004,2024-09-01,4464.14,IT
14336,P034,2024-09-01,584.18,ES
14337,P021,2024-09-01,8829.3,IT
14338,P010,2024-09-01,2026.43,FR
14339,P004,2024-09-02,4464.14,IT
14340,P003,2024-09-02,9225.65,DE
14341,P030,2024-09-02,2105.3,DE
14342,P014,2024-09-02,736.41,DE
14343,P016,2024-09-02,10103.55,ES
14344,P003,2024-09-02,1845.13,DE
14345,P025,2024-09-03,1594.68,ES
14346,P030,2024-09-03,1263.18,IT
14347,P006,2024-09-03,1116.64,DE
14348,P023,2024-09-03,213.28,FR
14349,P031,2024-09-04,12369.85,FR
14350,P013,2024-09-04,11968.35,ES
14351,P006,2024-09-04,2791.6,DE
14352,P008,2024-09-04,6519.84,DE
14353,P010,2024-09-05,4052.86,IT
14354,P030,2024-09-05,1684.24,FR
14355,P008,2024-09-05,1629.96,IT
14356,P025,2024-09-05,1594.68,DE
14357,P008,2024-09-06,1629.96,DE
14358,P022,2024-09-06,2906.65,IT
14359,P013,2024-09-06,4787.34,IT
14360,P013,2024-09-07,9574.68,DE
14361,P035,2024-09-07,1597.8,ES
14362,P020,2024-09-07,10781.7,FR
14363,P019,2024-09-07,2076.07,FR
14364,P002,2024-09-07,2793.8,DE
14365,P001,2024-09-07,4811.94,FR
14366,P019,2024-09-07,4152.14,DE
14367,P024,2024-09-08,1063.96,IT
14368,P001,2024-09-08,8019.9,IT
14369,P032,2024-09-08,1399.02,DE
14370,P008,2024-09-08,4889.88,IT
14371,P036,2024-09-09,2696.45,ES
14372,P020,2024-09-09,4312.68,DE
14373,P017,2024-09-09,2695.06,DE
14374,P031,2024-09-09,9895.88,DE
14375,P011,2024-09-09,4034.92,ES
14376,P011,2024-09-10,10087.3,ES
14377,P006,2024-09-10,2233.28,IT
14378,P015,2024-09-10,4242.04,FR
14379,P007,2024-09-11,242.82,IT
14380,P001,2024-09-11,4811.94,ES
14381,P004,2024-09-11,2232.07,IT
14382,P032,2024-09-11,5596.08,IT
14383,P020,2024-09-11,2156.34,ES
14384,P023,2024-09-11,639.84,DE
14385,P016,2024-09-11,8082.84,IT
14386,P017,2024-09-11,5390.12,DE
14387,P036,2024-09-12,539.29,FR
14388,P014,2024-09-12,981.88,DE
14389,P029,2024-09-12,1320.84,IT
14390,P028,2024-09-13,1625.37,FR
14391,P007,2024-09-13,242.82,IT
14392,P010,2024-09-13,2026.43,FR
14393,P004,2024-09-13,2232.07,FR
14394,P027,2024-09-14,678.44,FR
14395,P030,2024-09-14,842.12,DE
14396,P004,2024-09-14,6696.21,DE
14397,P013,2024-09-15,4787.34,FR
14398,P013,2024-09-15,2393.67,ES
14399,P023,2024-09-15,1066.4,FR
14400,P028,2024-09-15,6501.48,IT
14401,P002,2024-09-15,698.45,IT
14402,P013,2024-09-16,9574.68,ES
14403,P017,2024-09-16,5390.12,DE
14404,P006,2024-09-16,2791.6,FR
14405,P016,2024-09-16,8082.84,IT
14406,P018,2024-09-17,3822.64,FR
14407,P020,2024-09-17,10781.7,FR
14408,P005,2024-09-17,1063.48,FR
14409,P030,2024-09-18,1263.18,IT
14410,P017,2024-09-18,2695.06,IT
14411,P018,2024-09-18,955.66,FR
14412,P005,2024-09-18,2126.96,DE
14413,P033,2024-09-18,10547.45,FR
14414,P032,2024-09-18,6995.1,IT
14415,P005,2024-09-19,4253.92,ES
14416,P008,2024-09-19,6519.84,ES
14417,P027,2024-09-19,678.44,FR
14418,P032,2024-09-19,1399.02,IT
14419,P018,2024-09-20,1911.32,IT
14420,P021,2024-09-20,3531.72,ES
14421,P033,2024-09-20,10547.45,ES
14422,P008,2024-09-20,6519.84,FR
14423,P017,2024-09-20,5390.12,FR
14424,P014,2024-09-20,245.47,DE
14425,P011,2024-09-20,2017.46,ES
14426,P002,2024-09-21,2095.35,ES
14427,P006,2024-09-21,1674.96,ES
14428,P008,2024-09-21,6519.84,ES
14429,P035,2024-09-21,3994.5,ES
14430,P002,2024-09-22,3492.25,ES
14431,P020,2024-09-22,4312.68,ES
14432,P008,2024-09-22,4889.88,ES
14433,P029,2024-09-22,1320.84,DE
14434,P035,2024-09-22,798.9,FR
14435,P035,2024-09-22,3195.6,DE
14436,P031,2024-09-22,2473.97,IT
14437,P006,2024-09-23,2791.6,DE
14438,P006,2024-09-23,2791.6,ES
14439,P018,2024-09-23,4778.3,ES
14440,P033,2024-09-23,8437.96,DE
14441,P031,2024-09-23,2473.97,DE
14442,P023,2024-09-23,213.28,FR
14443,P028,2024-09-24,4876.11,FR
14444,P032,2024-09-24,2798.04,DE
14445,P019,2024-09-24,10380.35,FR
14446,P025,2024-09-24,1594.68,FR
14447,P026,2024-09-24,2804.7,DE
14448,P027,2024-09-24,2035.32,IT
14449,P035,2024-09-24,2396.7,FR
14450,P029,2024-09-25,1320.84,ES
14451,P029,2024-09-25,880.56,DE
14452,P025,2024-09-25,3189.36,FR
14453,P016,2024-09-25,8082.84,FR
14454,P035,2024-09-25,798.9,ES
14455,P026,2024-09-26,4674.5,DE
14456,P003,2024-09-26,3690.26,FR
14457,P031,2024-09-26,12369.85,DE
14458,P005,2024-09-26,1063.48,ES
14459,P020,2024-09-26,4312.68,DE
14460,P016,2024-09-26,10103.55,IT
14461,P027,2024-09-26,1356.88,ES
14462,P027,2024-09-27,2035.32,ES
14463,P003,2024-09-27,5535.39,ES
14464,P022,2024-09-27,581.33,FR
14465,P018,2024-09-27,2866.98,IT
14466,P017,2024-09-27,6737.65,DE
14467,P021,2024-09-27,1765.86,FR
14468,P019,2024-09-27,2076.07,DE
14469,P005,2024-09-27,4253.92,IT
14470,P009,2024-09-28,1688.37,FR
14471,P035,2024-09-28,798.9,IT
14472,P036,2024-09-28,539.29,ES
14473,P029,2024-09-28,1761.12,FR
14474,P021,2024-09-28,3531.72,ES
14475,P025,2024-09-28,7973.4,FR
14476,P035,2024-09-28,1597.8,FR
14477,P036,2024-09-29,1617.87,FR
14478,P020,2024-09-29,2156.34,DE
14479,P017,2024-09-29,1347.53,FR
14480,P009,2024-09-29,2813.95,DE
14481,P031,2024-09-29,4947.94,DE
14482,P003,2024-09-29,1845.13,ES
14483,P006,2024-09-29,558.32,DE
14484,P036,2024-09-30,1078.58,FR
14485,P016,2024-09-30,4041.42,DE
14486,P017,2024-09-30,4042.59,ES
14487,P032,2024-09-30,1399.02,FR
14488,P020,2024-09-30,6469.02,DE
14489,P004,2024-09-30,8928.28,DE
14490,P018,2024-09-30,4778.3,IT
14491,P027,2024-10-01,2035.32,IT
14492,P011,2024-10-01,6052.38,IT
14493,P024,2024-10-01,1063.96,DE
14494,P002,2024-10-01,2793.8,ES
14495,P021,2024-10-01,3531.72,FR
14496,P009,2024-10-01,1688.37,ES
14497,P009,2024-10-02,1125.58,FR
14498,P019,2024-10-02,2076.07,ES
14499,P022,2024-10-02,2906.65,FR
14500,P004,2024-10-02,8928.28,IT
14501,P008,2024-10-02,3259.92,ES
14502,P029,2024-10-02,1761.12,DE
14503,P009,2024-10-03,1688.37,IT
14504,P002,2024-10-03,698.45,FR
14505,P007,2024-10-03,242.82,ES
14506,P034,2024-10-03,2336.72,IT
14507,P035,2024-10-03,798.9,FR
14508,P034,2024-10-03,2336.72,ES
14509,P013,2024-10-04,4787.34,FR
14510,P001,2024-10-04,6415.92,ES
14511,P027,2024-10-04,1356.88,IT
14512,P010,2024-10-04,2026.43,DE
14513,P034,2024-10-05,1168.36,ES
14514,P015,2024-10-05,6363.06,IT
14515,P035,2024-10-05,3195.6,FR
14516,P011,2024-10-05,6052.38,DE
14517,P008,2024-10-06,8149.8,DE
14518,P021,2024-10-06,5297.58,DE
14519,P003,2024-10-06,7380.52,DE
14520,P024,2024-10-06,1063.96,IT
14521,P013,2024-10-07,2393.67,DE
14522,P010,2024-10-07,8105.72,DE
14523,P035,2024-10-07,3195.6,FR
14524,P029,2024-10-07,1761.12,DE
14525,P019,2024-10-08,4152.14,ES
14526,P002,2024-10-08,3492.25,FR
14527,P011,2024-10-08,8069.84,IT
14528,P001,2024-10-08,8019.9,IT
14529,P025,2024-10-08,1594.68,FR
14530,P013,2024-10-08,9574.68,DE
14531,P035,2024-10-08,1597.8,DE
14532,P015,2024-10-08,4242.04,ES
14533,P007,2024-10-09,80.94,IT
14534,P031,2024-10-09,7421.91,FR
14535,P023,2024-10-09,639.84,IT
14536,P024,2024-10-10,797.97,FR
14537,P035,2024-10-10,3994.5,FR
14538,P005,2024-10-10,5317.4,IT
14539,P036,2024-10-10,539.29,DE
14540,P008,2024-10-10,8149.8,IT
14541,P033,2024-10-10,6328.47,IT
14542,P028,2024-10-10,8126.85,ES
14543,P004,2024-10-10,6696.21,ES
14544,P009,2024-10-11,562.79,IT
14545,P009,2024-10-11,2251.16,DE
14546,P006,2024-10-11,2791.6,DE
14547,P017,2024-10-11,4042.59,IT
14548,P036,2024-10-11,1078.58,FR
14549,P034,2024-10-11,1168.36,FR
14550,P008,2024-10-11,8149.8,IT
14551,P026,2024-10-11,4674.5,DE
14552,P033,2024-10-12,10547.45,ES
14553,P010,2024-10-12,2026.43,IT
14554,P012,2024-10-12,1721.04,IT
14555,P005,2024-10-12,5317.4,FR
14556,P028,2024-10-12,1625.37,ES
14557,P033,2024-10-12,10547.45,IT
14558,P025,2024-10-12,1594.68,FR
14559,P024,2024-10-13,265.99,DE
14560,P016,2024-10-13,6062.13,FR
14561,P016,2024-10-13,2020.71,ES
14562,P018,2024-10-13,4778.3,DE
14563,P020,2024-10-14,10781.7,ES
14564,P007,2024-10-14,80.94,FR
14565,P002,2024-10-14,2793.8,DE
14566,P024,2024-10-14,797.97,ES
14567,P005,2024-10-14,1063.48,IT
14568,P025,2024-10-15,4784.04,IT
14569,P001,2024-10-15,6415.92,ES
14570,P006,2024-10-15,558.32,IT
14571,P001,2024-10-15,8019.9,DE
14572,P026,2024-10-15,4674.5,DE
14573,P031,2024-10-15,12369.85,DE
14574,P013,2024-10-16,9574.68,IT
14575,P036,2024-10-16,2157.16,IT
14576,P025,2024-10-16,6378.72,ES
14577,P015,2024-10-16,8484.08,DE
14578,P034,2024-10-16,2336.72,FR
14579,P002,2024-10-16,3492.25,DE
14580,P024,2024-10-16,265.99,ES
14581,P016,2024-10-17,2020.71,ES
14582,P028,2024-10-17,4876.11,ES
14583,P034,2024-10-17,2920.9,DE
14584,P020,2024-10-18,10781.7,ES
14585,P024,2024-10-18,265.99,ES
14586,P022,2024-10-18,1743.99,DE
14587,P030,2024-10-19,421.06,FR
14588,P019,2024-10-19,10380.35,FR
14589,P007,2024-10-19,404.7,DE
14590,P006,2024-10-19,2791.6,FR
14591,P028,2024-10-19,3250.74,IT
14592,P031,2024-10-19,12369.85,ES
14593,P017,2024-10-20,4042.59,DE
14594,P007,2024-10-20,242.82,FR
14595,P032,2024-10-20,4197.06,DE
14596,P009,2024-10-21,2813.95,DE
14597,P024,2024-10-21,265.99,ES
14598,P004,2024-10-21,8928.28,IT
14599,P022,2024-10-21,1743.99,FR
14600,P011,2024-10-21,4034.92,DE
14601,P012,2024-10-21,1721.04,DE
14602,P018,2024-10-21,955.66,DE
14603,P034,2024-10-22,1168.36,IT
14604,P029,2024-10-22,440.28,DE
14605,P005,2024-10-22,5317.4,FR
14606,P031,2024-10-22,2473.97,IT
14607,P004,2024-10-22,2232.07,ES
14608,P012,2024-10-22,860.52,IT
14609,P012,2024-10-22,860.52,IT
14610,P015,2024-10-23,2121.02,FR
14611,P003,2024-10-23,7380.52,ES
14612,P021,2024-10-23,1765.86,DE
14613,P017,2024-10-23,1347.53,ES
14614,P021,2024-10-23,5297.58,DE
14615,P034,2024-10-24,2336.72,IT
14616,P023,2024-10-24,1066.4,FR
14617,P031,2024-10-24,2473.97,ES
14618,P006,2024-10-24,2791.6,ES
14619,P020,2024-10-25,2156.34,ES
14620,P005,2024-10-25,3190.44,ES
14621,P010,2024-10-25,10132.15,DE
14622,P012,2024-10-25,3442.08,DE
14623,P024,2024-10-26,797.97,DE
14624,P010,2024-10-26,10132.15,ES
14625,P018,2024-10-26,3822.64,ES
14626,P028,2024-10-26,3250.74,FR
14627,P017,2024-10-26,6737.65,DE
14628,P020,2024-10-26,6469.02,ES
14629,P020,2024-10-26,4312.68,IT
14630,P022,2024-10-26,2325.32,ES
14631,P004,2024-10-27,6696.21,FR
14632,P022,2024-10-27,581.33,DE
14633,P011,2024-10-27,10087.3,FR
14634,P001,2024-10-27,1603.98,ES
14635,P021,2024-10-27,1765.86,IT
14636,P020,2024-10-27,2156.34,IT
14637,P007,2024-10-27,80.94,ES
14638,P033,2024-10-27,2109.49,FR
14639,P019,2024-10-28,8304.28,IT
14640,P012,2024-10-28,860.52,ES
14641,P024,2024-10-28,797.97,FR
14642,P006,2024-10-28,1116.64,IT
14643,P009,2024-10-28,2251.16,DE
14644,P004,2024-10-29,4464.14,ES
14645,P004,2024-10-29,6696.21,ES
14646,P014,2024-10-29,490.94,ES
14647,P017,2024-10-29,6737.65,FR
14648,P029,2024-10-29,440.28,DE
14649,P013,2024-10-30,9574.68,FR
14650,P024,2024-10-30,265.99,IT
14651,P005,2024-10-30,1063.48,IT
14652,P014,2024-10-30,245.47,ES
14653,P008,2024-10-30,4889.88,FR
14654,P003,2024-10-30,7380.52,DE
14655,P019,2024-10-31,2076.07,ES
14656,P007,2024-10-31,242.82,ES
14657,P023,2024-10-31,426.56,IT
14658,P022,2024-10-31,581.33,IT
14659,P005,2024-10-31,1063.48,ES
14660,P001,2024-10-31,1603.98,IT
14661,P028,2024-10-31,1625.37,FR
14662,P029,2024-11-01,1320.84,IT
14663,P016,2024-11-01,10103.55,ES
14664,P009,2024-11-01,1125.58,ES
14665,P019,2024-11-01,10380.35,DE
14666,P002,2024-11-01,2793.8,FR
14667,P025,2024-11-01,3189.36,ES
14668,P014,2024-11-02,736.41,FR
14669,P032,2024-11-02,5596.08,ES
14670,P009,2024-11-02,1125.58,ES
14671,P035,2024-11-03,1597.8,FR
14672,P012,2024-11-03,4302.6,DE
14673,P015,2024-11-03,6363.06,DE
14674,P001,2024-11-03,1603.98,FR
14675,P027,2024-11-03,678.44,ES
14676,P001,2024-11-03,8019.9,ES
14677,P016,2024-11-04,4041.42,FR
14678,P025,2024-11-04,6378.72,IT
14679,P001,2024-11-04,4811.94,FR
14680,P036,2024-11-04,2157.16,FR
14681,P012,2024-11-04,1721.04,FR
14682,P026,2024-11-05,1869.8,ES
14683,P012,2024-11-05,1721.04,ES
14684,P023,2024-11-05,426.56,ES
14685,P030,2024-11-05,421.06,DE
14686,P008,2024-11-06,4889.88,ES
14687,P036,2024-11-06,1078.58,IT
14688,P011,2024-11-06,10087.3,IT
14689,P023,2024-11-06,213.28,FR
14690,P001,2024-11-06,4811.94,FR
14691,P007,2024-11-06,80.94,FR
14692,P024,2024-11-07,1329.95,FR
14693,P021,2024-11-07,7063.44,FR
14694,P007,2024-11-07,404.7,ES
14695,P004,2024-11-07,6696.21,DE
14696,P035,2024-11-07,3994.5,IT
14697,P036,2024-11-07,2696.45,FR
14698,P031,2024-11-07,12369.85,IT
14699,P004,2024-11-08,2232.07,ES
14700,P031,2024-11-08,2473.97,ES
14701,P036,2024-11-08,2696.45,DE
14702,P009,2024-11-08,1125.58,IT
14703,P010,2024-11-08,6079.29,DE
14704,P032,2024-11-09,2798.04,IT
14705,P034,2024-11-09,584.18,FR
14706,P024,2024-11-09,1329.95,DE
14707,P001,2024-11-09,3207.96,DE
14708,P003,2024-11-09,3690.26,DE
14709,P010,2024-11-10,4052.86,FR
14710,P029,2024-11-10,1320.84,IT
14711,P007,2024-11-10,242.82,ES
14712,P009,2024-11-10,562.79,ES
14713,P004,2024-11-10,6696.21,FR
14714,P001,2024-11-10,1603.98,DE
14715,P015,2024-11-10,8484.08,DE
14716,P026,2024-11-10,934.9,ES
14717,P002,2024-11-11,1396.9,ES
14718,P005,2024-11-11,3190.44,ES
14719,P003,2024-11-11,9225.65,FR
14720,P017,2024-11-12,6737.65,IT
14721,P025,2024-11-12,3189.36,IT
14722,P006,2024-11-12,558.32,IT
14723,P033,2024-11-13,6328.47,FR
14724,P024,2024-11-13,1063.96,DE
14725,P003,2024-11-13,3690.26,DE
14726,P033,2024-11-14,6328.47,IT
14727,P020,2024-11-14,6469.02,DE
14728,P003,2024-11-14,7380.52,IT
14729,P020,2024-11-15,4312.68,DE
14730,P027,2024-11-15,678.44,ES
14731,P025,2024-11-15,6378.72,IT
14732,P011,2024-11-15,4034.92,FR
14733,P006,2024-11-15,1116.64,FR
14734,P027,2024-11-15,1356.88,DE
14735,P036,2024-11-15,1617.87,DE
14736,P010,2024-11-15,10132.15,ES
14737,P032,2024-11-16,6995.1,FR
14738,P027,2024-11-16,1356.88,FR
14739,P006,2024-11-16,2791.6,IT
14740,P015,2024-11-16,10605.1,IT
14741,P009,2024-11-16,1688.37,IT
14742,P024,2024-11-16,265.99,IT
14743,P016,2024-11-16,4041.42,IT
14744,P003,2024-11-16,3690.26,DE
14745,P024,2024-11-17,1329.95,FR
14746,P002,2024-11-17,2095.35,DE
14747,P025,2024-11-17,7973.4,ES
14748,P022,2024-11-17,2325.32,IT
14749,P022,2024-11-17,1743.99,IT
14750,P024,2024-11-17,1063.96,FR
14751,P025,2024-11-17,7973.4,ES
14752,P028,2024-11-17,4876.11,FR
14753,P022,2024-11-18,1743.99,ES
14754,P001,2024-11-18,4811.94,FR
14755,P006,2024-11-18,1116.64,DE
14756,P010,2024-11-18,6079.29,IT
14757,P029,2024-11-19,440.28,FR
14758,P030,2024-11-19,842.12,IT
14759,P008,2024-11-19,3259.92,FR
14760,P019,2024-11-19,6228.21,FR
14761,P011,2024-11-19,2017.46,ES
14762,P020,2024-11-20,2156.34,ES
14763,P027,2024-11-20,2713.76,ES
14764,P002,2024-11-20,3492.25,FR
14765,P034,2024-11-20,1168.36,FR
14766,P006,2024-11-20,2791.6,IT
14767,P018,2024-11-21,1911.32,IT
14768,P018,2024-11-21,1911.32,IT
14769,P030,2024-11-21,1263.18,FR
14770,P008,2024-11-21,3259.92,IT
14771,P002,2024-11-21,3492.25,IT
14772,P010,2024-11-21,8105.72,IT
14773,P009,2024-11-21,2251.16,ES
14774,P027,2024-11-22,1356.88,DE
14775,P008,2024-11-22,1629.96,ES
14776,P023,2024-11-22,853.12,ES
14777,P024,2024-11-22,1329.95,ES
14778,P002,2024-11-22,2793.8,ES
14779,P005,2024-11-23,2126.96,IT
14780,P013,2024-11-23,9574.68,FR
14781,P020,2024-11-23,10781.7,DE
14782,P014,2024-11-23,981.88,ES
14783,P003,2024-11-24,1845.13,FR
14784,P023,2024-11-24,426.56,ES
14785,P002,2024-11-24,1396.9,IT
14786,P023,2024-11-24,639.84,DE
14787,P014,2024-11-25,490.94,DE
14788,P029,2024-11-25,2201.4,IT
14789,P012,2024-11-25,2581.56,ES
14790,P015,2024-11-25,4242.04,IT
14791,P028,2024-11-25,1625.37,FR
14792,P031,2024-11-25,2473.97,FR
14793,P030,2024-11-25,2105.3,DE
14794,P032,2024-11-25,6995.1,ES
14795,P003,2024-11-26,1845.13,DE
14796,P010,2024-11-26,2026.43,ES
14797,P036,2024-11-26,2696.45,FR
14798,P006,2024-11-26,2233.28,FR
14799,P017,2024-11-26,5390.12,FR
14800,P021,2024-11-26,5297.58,ES
14801,P014,2024-11-27,490.94,IT
14802,P033,2024-11-27,2109.49,DE
14803,P010,2024-11-27,10132.15,ES
14804,P012,2024-11-27,2581.56,ES
14805,P012,2024-11-28,2581.56,ES
14806,P004,2024-11-28,4464.14,FR
14807,P005,2024-11-28,1063.48,ES
14808,P026,2024-11-28,3739.6,ES
14809,P016,2024-11-28,8082.84,DE
14810,P036,2024-11-28,539.29,IT
14811,P005,2024-11-29,4253.92,DE
14812,P004,2024-11-29,6696.21,IT
14813,P031,2024-11-29,7421.91,IT
14814,P018,2024-11-30,955.66,ES
14815,P017,2024-11-30,1347.53,ES
14816,P005,2024-11-30,1063.48,IT
14817,P018,2024-11-30,955.66,DE
14818,P028,2024-11-30,1625.37,FR
14819,P025,2024-12-01,3189.36,IT
14820,P036,2024-12-01,1617.87,ES
14821,P031,2024-12-01,4947.94,IT
14822,P011,2024-12-01,4034.92,IT
14823,P032,2024-12-01,2798.04,DE
14824,P020,2024-12-01,4312.68,FR
14825,P028,2024-12-01,6501.48,DE
14826,P030,2024-12-01,421.06,ES
14827,P011,2024-12-02,8069.84,ES
14828,P006,2024-12-02,1116.64,FR
14829,P025,2024-12-02,1594.68,FR
14830,P034,2024-12-03,2920.9,FR
14831,P035,2024-12-03,2396.7,DE
14832,P014,2024-12-03,1227.35,FR
14833,P008,2024-12-03,1629.96,IT
14834,P020,2024-12-03,2156.34,DE
14835,P015,2024-12-03,4242.04,ES
14836,P008,2024-12-03,1629.96,IT
14837,P023,2024-12-03,853.12,IT
14838,P030,2024-12-04,1684.24,DE
14839,P004,2024-12-04,4464.14,ES
14840,P030,2024-12-04,1263.18,IT
14841,P028,2024-12-04,6501.48,IT
14842,P029,2024-12-04,1761.12,ES
14843,P027,2024-12-04,2713.76,DE
14844,P003,2024-12-04,5535.39,FR
14845,P016,2024-12-05,6062.13,ES
14846,P013,2024-12-05,11968.35,IT
14847,P028,2024-12-05,3250.74,ES
14848,P006,2024-12-05,2791.6,DE
14849,P025,2024-12-05,4784.04,DE
14850,P024,2024-12-05,1063.96,DE
14851,P023,2024-12-06,426.56,ES
14852,P027,2024-12-06,1356.88,ES
14853,P016,2024-12-06,6062.13,IT
14854,P036,2024-12-06,1617.87,DE
14855,P019,2024-12-06,8304.28,IT
14856,P017,2024-12-07,2695.06,DE
14857,P017,2024-12-07,4042.59,IT
14858,P016,2024-12-07,10103.55,IT
14859,P017,2024-12-07,6737.65,IT
14860,P015,2024-12-07,6363.06,DE
14861,P034,2024-12-08,2920.9,IT
14862,P015,2024-12-08,10605.1,DE
14863,P027,2024-12-08,3392.2,IT
14864,P035,2024-12-09,3994.5,ES
14865,P016,2024-12-09,2020.71,ES
14866,P029,2024-12-09,440.28,DE
14867,P031,2024-12-09,2473.97,DE
14868,P034,2024-12-10,1168.36,DE
14869,P027,2024-12-10,2035.32,FR
14870,P009,2024-12-10,1125.58,FR
14871,P001,2024-12-10,4811.94,DE
14872,P028,2024-12-10,6501.48,IT
14873,P015,2024-12-11,2121.02,ES
14874,P023,2024-12-11,426.56,DE
14875,P030,2024-12-11,1684.24,FR
14876,P026,2024-12-11,2804.7,IT
14877,P031,2024-12-11,12369.85,ES
14878,P014,2024-12-11,736.41,IT
14879,P020,2024-12-11,6469.02,DE
14880,P025,2024-12-11,1594.68,IT
14881,P036,2024-12-12,539.29,DE
14882,P012,2024-12-12,3442.08,FR
14883,P009,2024-12-12,1125.58,ES
14884,P030,2024-12-12,842.12,FR
14885,P014,2024-12-12,245.47,IT
14886,P015,2024-12-12,8484.08,ES
14887,P026,2024-12-12,934.9,IT
14888,P021,2024-12-13,3531.72,IT
14889,P004,2024-12-13,2232.07,IT
14890,P019,2024-12-13,8304.28,ES
14891,P003,2024-12-13,3690.26,ES
14892,P010,2024-12-13,10132.15,DE
14893,P011,2024-12-13,10087.3,FR
14894,P026,2024-12-13,1869.8,IT
14895,P022,2024-12-13,1162.66,ES
14896,P034,2024-12-14,2920.9,DE
14897,P009,2024-12-14,1125.58,DE
14898,P007,2024-12-14,161.88,ES
14899,P002,2024-12-14,1396.9,FR
14900,P029,2024-12-15,440.28,ES
14901,P024,2024-12-15,1063.96,FR
14902,P031,2024-12-15,12369.85,DE
14903,P021,2024-12-15,1765.86,IT
14904,P024,2024-12-15,265.99,DE
14905,P015,2024-12-15,10605.1,FR
14906,P016,2024-12-16,4041.42,ES
14907,P009,2024-12-16,1125.58,ES
14908,P005,2024-12-16,1063.48,ES
14909,P011,2024-12-16,4034.92,DE
14910,P004,2024-12-17,8928.28,IT
14911,P035,2024-12-17,798.9,IT
14912,P032,2024-12-17,4197.06,FR
14913,P012,2024-12-17,860.52,DE
14914,P035,2024-12-17,3994.5,DE
14915,P031,2024-12-18,4947.94,IT
14916,P005,2024-12-18,2126.96,IT
14917,P003,2024-12-18,5535.39,ES
14918,P035,2024-12-18,2396.7,DE
14919,P032,2024-12-18,2798.04,FR
14920,P005,2024-12-18,1063.48,DE
14921,P006,2024-12-18,558.32,FR
14922,P003,2024-12-18,5535.39,IT
14923,P004,2024-12-19,2232.07,FR
14924,P032,2024-12-19,1399.02,ES
14925,P010,2024-12-19,2026.43,ES
14926,P023,2024-12-19,1066.4,ES
14927,P008,2024-12-19,1629.96,FR
14928,P010,2024-12-19,8105.72,DE
14929,P015,2024-12-19,8484.08,IT
14930,P024,2024-12-20,531.98,ES
14931,P025,2024-12-20,6378.72,ES
14932,P017,2024-12-20,5390.12,ES
14933,P001,2024-12-21,8019.9,IT
14934,P019,2024-12-21,6228.21,ES
14935,P020,2024-12-21,10781.7,FR
14936,P022,2024-12-21,1743.99,DE
14937,P011,2024-12-21,6052.38,DE
14938,P033,2024-12-21,6328.47,FR
14939,P021,2024-12-21,7063.44,IT
14940,P012,2024-12-21,3442.08,IT
14941,P021,2024-12-22,3531.72,IT
14942,P029,2024-12-22,1761.12,IT
14943,P011,2024-12-22,10087.3,FR
14944,P027,2024-12-22,2713.76,IT
14945,P006,2024-12-22,2791.6,ES
14946,P024,2024-12-22,531.98,IT
14947,P019,2024-12-22,2076.07,ES
14948,P014,2024-12-23,490.94,ES
14949,P026,2024-12-23,3739.6,IT
14950,P010,2024-12-23,8105.72,ES
14951,P019,2024-12-23,4152.14,FR
14952,P025,2024-12-23,4784.04,FR
14953,P033,2024-12-23,10547.45,FR
14954,P014,2024-12-24,245.47,ES
14955,P035,2024-12-24,798.9,ES
14956,P035,2024-12-24,1597.8,FR
14957,P006,2024-12-24,1116.64,FR
14958,P024,2024-12-25,797.97,DE
14959,P024,2024-12-25,531.98,DE
14960,P027,2024-12-25,2713.76,ES
14961,P007,2024-12-26,404.7,IT
14962,P021,2024-12-26,8829.3,DE
14963,P020,2024-12-26,4312.68,ES
14964,P012,2024-12-27,4302.6,ES
14965,P034,2024-12-27,1168.36,ES
14966,P021,2024-12-27,7063.44,IT
14967,P026,2024-12-27,2804.7,IT
14968,P028,2024-12-27,3250.74,IT
14969,P012,2024-12-27,4302.6,FR
14970,P010,2024-12-28,2026.43,ES
14971,P002,2024-12-28,698.45,IT
14972,P011,2024-12-28,6052.38,IT
14973,P019,2024-12-28,8304.28,FR
14974,P031,2024-12-28,9895.88,ES
14975,P027,2024-12-28,3392.2,IT
14976,P034,2024-12-29,1168.36,FR
14977,P036,2024-12-29,539.29,DE
14978,P028,2024-12-29,1625.37,DE
14979,P001,2024-12-29,1603.98,DE
14980,P011,2024-12-29,6052.38,IT
14981,P026,2024-12-29,934.9,ES
14982,P003,2024-12-29,3690.26,FR
14983,P034,2024-12-29,2920.9,DE
14984,P011,2024-12-30,10087.3,IT
14985,P004,2024-12-30,8928.28,DE
14986,P028,2024-12-30,6501.48,FR
14987,P015,2024-12-30,10605.1,FR
14988,P025,2024-12-30,3189.36,ES
14989,P027,2024-12-30,678.44,ES
14990,P008,2024-12-30,8149.8,DE
14991,P030,2024-12-31,842.12,DE
14992,P020,2024-12-31,2156.34,FR
14993,P013,2024-12-31,11968.35,ES
14994,P015,2024-12-31,10605.1,DE
14995,P035,2024-12-31,1597.8,FR
14996,P030,2024-12-31,2105.3,FR
14997,P021,2025-01-01,1765.86,FR
14998,P032,2025-01-01,1399.02,FR
14999,P024,2025-01-01,531.98,DE
15000,P035,2025-01-01,798.9,DE
15001,P005,2025-01-01,2126.96,IT
15002,P029,2025-01-01,440.28,FR
15003,P008,2025-01-02,8149.8,IT
15004,P035,2025-01-02,1597.8,DE
15005,P032,2025-01-02,1399.02,FR
15006,P026,2025-01-02,2804.7,FR
15007,P025,2025-01-02,3189.36,ES
15008,P007,2025-01-02,242.82,FR
15009,P020,2025-01-02,10781.7,DE
15010,P021,2025-01-02,8829.3,DE
15011,P001,2025-01-03,6415.92,FR
15012,P002,2025-01-03,2095.35,FR
15013,P027,2025-01-03,3392.2,DE
15014,P029,2025-01-03,2201.4,FR
15015,P002,2025-01-03,698.45,DE
15016,P032,2025-01-03,6995.1,ES
15017,P019,2025-01-04,6228.21,FR
15018,P013,2025-01-04,11968.35,DE
15019,P027,2025-01-04,1356.88,IT
15020,P034,2025-01-04,1752.54,IT
15021,P035,2025-01-04,798.9,DE
15022,P035,2025-01-04,2396.7,FR
15023,P001,2025-01-04,3207.96,ES
15024,P011,2025-01-05,2017.46,DE
15025,P009,2025-01-05,562.79,ES
15026,P019,2025-01-05,10380.35,FR
15027,P035,2025-01-05,2396.7,DE
15028,P034,2025-01-05,1168.36,ES
15029,P036,2025-01-06,539.29,IT
15030,P020,2025-01-06,10781.7,DE
15031,P031,2025-01-06,2473.97,IT
15032,P016,2025-01-06,4041.42,DE
15033,P001,2025-01-06,1603.98,DE
15034,P023,2025-01-06,853.12,FR
15035,P023,2025-01-06,426.56,ES
15036,P019,2025-01-07,10380.35,FR
15037,P013,2025-01-07,11968.35,FR
15038,P029,2025-01-07,440.28,FR
15039,P002,2025-01-07,698.45,IT
15040,P027,2025-01-07,678.44,DE
15041,P014,2025-01-07,736.41,IT
15042,P018,2025-01-08,2866.98,DE
15043,P003,2025-01-08,7380.52,IT
15044,P022,2025-01-08,2906.65,FR
15045,P011,2025-01-08,2017.46,IT
15046,P008,2025-01-09,4889.88,IT
15047,P009,2025-01-09,2251.16,DE
15048,P012,2025-01-09,4302.6,FR
15049,P016,2025-01-09,6062.13,FR
15050,P032,2025-01-10,5596.08,FR
15051,P035,2025-01-10,2396.7,ES
15052,P015,2025-01-10,8484.08,IT
15053,P007,2025-01-10,404.7,FR
15054,P001,2025-01-10,1603.98,IT
15055,P023,2025-01-11,213.28,ES
15056,P004,2025-01-11,4464.14,IT
15057,P012,2025-01-11,860.52,FR
15058,P010,2025-01-11,8105.72,IT
15059,P028,2025-01-11,4876.11,FR
15060,P036,2025-01-12,1617.87,FR
15061,P012,2025-01-12,2581.56,DE
15062,P023,2025-01-12,639.84,IT
15063,P008,2025-01-12,4889.88,IT
15064,P006,2025-01-12,558.32,IT
15065,P034,2025-01-13,584.18,FR
15066,P006,2025-01-13,2233.28,FR
15067,P018,2025-01-13,1911.32,IT
15068,P023,2025-01-14,426.56,IT
15069,P034,2025-01-14,1752.54,IT
15070,P008,2025-01-14,8149.8,DE
15071,P030,2025-01-14,1263.18,ES
15072,P003,2025-01-15,3690.26,ES
15073,P035,2025-01-15,1597.8,ES
15074,P034,2025-01-15,2336.72,IT
15075,P013,2025-01-15,11968.35,FR
15076,P033,2025-01-16,10547.45,IT
15077,P005,2025-01-16,2126.96,FR
15078,P031,2025-01-16,2473.97,DE
15079,P012,2025-01-17,860.52,FR
15080,P008,2025-01-17,4889.88,DE
15081,P014,2025-01-17,490.94,ES
15082,P004,2025-01-17,11160.35,DE
15083,P028,2025-01-17,6501.48,ES
15084,P018,2025-01-17,3822.64,DE
15085,P029,2025-01-18,1761.12,DE
15086,P026,2025-01-18,934.9,FR
15087,P014,2025-01-18,490.94,DE
15088,P028,2025-01-18,4876.11,IT
15089,P002,2025-01-18,698.45,DE
15090,P035,2025-01-18,3994.5,IT
15091,P002,2025-01-19,1396.9,ES
15092,P007,2025-01-19,80.94,DE
15093,P034,2025-01-19,1752.54,ES
15094,P019,2025-01-19,6228.21,DE
15095,P030,2025-01-20,1263.18,ES
15096,P036,2025-01-20,2157.16,ES
15097,P023,2025-01-20,1066.4,ES
15098,P008,2025-01-20,1629.96,DE
15099,P005,2025-01-20,5317.4,ES
15100,P035,2025-01-20,798.9,IT
15101,P034,2025-01-20,1168.36,IT
15102,P030,2025-01-20,1263.18,ES
15103,P007,2025-01-21,161.88,FR
15104,P011,2025-01-21,8069.84,IT
15105,P012,2025-01-21,1721.04,IT
15106,P034,2025-01-21,1752.54,DE
15107,P008,2025-01-21,1629.96,FR
15108,P035,2025-01-22,2396.7,FR
15109,P001,2025-01-22,8019.9,DE
15110,P029,2025-01-22,2201.4,DE
15111,P021,2025-01-22,8829.3,IT
15112,P014,2025-01-22,736.41,IT
15113,P021,2025-01-22,8829.3,IT
15114,P030,2025-01-23,421.06,ES
15115,P009,2025-01-23,2251.16,FR
15116,P008,2025-01-23,8149.8,ES
15117,P006,2025-01-23,1116.64,FR
15118,P031,2025-01-23,4947.94,ES
15119,P008,2025-01-23,6519.84,DE
15120,P004,2025-01-23,11160.35,ES
15121,P007,2025-01-23,80.94,ES
15122,P004,2025-01-24,6696.21,IT
15123,P030,2025-01-24,1684.24,ES
15124,P034,2025-01-24,1168.36,IT
15125,P026,2025-01-24,3739.6,IT
15126,P023,2025-01-24,1066.4,IT
15127,P014,2025-01-25,490.94,ES
15128,P001,2025-01-25,4811.94,DE
15129,P028,2025-01-25,4876.11,DE
15130,P016,2025-01-25,6062.13,FR
15131,P032,2025-01-26,2798.04,DE
15132,P008,2025-01-26,6519.84,FR
15133,P026,2025-01-26,4674.5,ES
15134,P009,2025-01-26,1125.58,DE
15135,P030,2025-01-27,842.12,ES
15136,P025,2025-01-27,1594.68,DE
15137,P019,2025-01-27,10380.35,DE
15138,P017,2025-01-27,1347.53,IT
15139,P007,2025-01-28,323.76,FR
15140,P014,2025-01-28,1227.35,ES
15141,P017,2025-01-28,4042.59,FR
15142,P036,2025-01-29,539.29,IT
15143,P014,2025-01-29,736.41,ES
15144,P027,2025-01-29,2713.76,FR
15145,P007,2025-01-29,242.82,IT
15146,P034,2025-01-30,2920.9,ES
15147,P021,2025-01-30,1765.86,FR
15148,P003,2025-01-30,7380.52,IT
15149,P001,2025-01-31,3207.96,ES
15150,P035,2025-01-31,2396.7,ES
15151,P018,2025-01-31,2866.98,IT
15152,P016,2025-01-31,6062.13,IT
15153,P032,2025-01-31,5596.08,IT
15154,P002,2025-01-31,2793.8,IT
15155,P025,2025-01-31,1594.68,FR
15156,P014,2025-01-31,1227.35,FR
15157,P014,2025-02-01,981.88,DE
15158,P023,2025-02-01,426.56,ES
15159,P026,2025-02-01,3739.6,DE
15160,P017,2025-02-01,2695.06,ES
15161,P001,2025-02-01,1603.98,IT
15162,P033,2025-02-01,8437.96,IT
15163,P009,2025-02-02,1125.58,ES
15164,P011,2025-02-02,6052.38,FR
15165,P011,2025-02-02,2017.46,FR
15166,P023,2025-02-02,853.12,FR
15167,P018,2025-02-02,2866.98,IT
15168,P004,2025-02-02,8928.28,FR
15169,P014,2025-02-02,736.41,ES
15170,P036,2025-02-03,539.29,FR
15171,P031,2025-02-03,12369.85,FR
15172,P010,2025-02-03,6079.29,ES
15173,P036,2025-02-03,1078.58,DE
15174,P027,2025-02-04,1356.88,ES
15175,P006,2025-02-04,1674.96,ES
15176,P019,2025-02-04,6228.21,DE
15177,P027,2025-02-04,678.44,DE
15178,P013,2025-02-04,9574.68,IT
15179,P025,2025-02-04,1594.68,ES
15180,P010,2025-02-04,8105.72,FR
15181,P011,2025-02-05,4034.92,DE
15182,P022,2025-02-05,1162.66,IT
15183,P009,2025-02-05,2813.95,IT
15184,P027,2025-02-05,3392.2,IT
15185,P022,2025-02-05,2325.32,FR
15186,P004,2025-02-05,8928.28,IT
15187,P022,2025-02-05,581.33,FR
15188,P014,2025-02-05,981.88,IT
15189,P029,2025-02-06,880.56,FR
15190,P014,2025-02-06,981.88,IT
15191,P033,2025-02-06,2109.49,DE
15192,P012,2025-02-07,860.52,IT
15193,P018,2025-02-07,3822.64,DE
15194,P008,2025-02-07,3259.92,IT
15195,P001,2025-02-07,4811.94,IT
15196,P004,2025-02-08,4464.14,IT
15197,P009,2025-02-08,1688.37,IT
15198,P026,2025-02-08,1869.8,DE
15199,P014,2025-02-08,736.41,FR
15200,P002,2025-02-08,2095.35,IT
15201,P029,2025-02-08,880.56,ES
15202,P014,2025-02-09,490.94,ES
15203,P023,2025-02-09,213.28,DE
15204,P031,2025-02-09,2473.97,DE
15205,P036,2025-02-10,1078.58,FR
15206,P023,2025-02-10,1066.4,FR
15207,P025,2025-02-10,3189.36,DE
15208,P008,2025-02-10,8149.8,ES
15209,P028,2025-02-10,6501.48,ES
15210,P035,2025-02-11,2396.7,DE
15211,P028,2025-02-11,6501.48,ES
15212,P030,2025-02-11,421.06,IT
15213,P034,2025-02-11,1752.54,DE
15214,P002,2025-02-11,1396.9,ES
15215,P036,2025-02-11,2696.45,IT
15216,P003,2025-02-11,5535.39,ES
15217,P020,2025-02-12,2156.34,ES
15218,P034,2025-02-12,1168.36,ES
15219,P009,2025-02-12,1688.37,FR
15220,P035,2025-02-12,3994.5,FR
15221,P029,2025-02-12,2201.4,DE
15222,P015,2025-02-12,10605.1,ES
15223,P028,2025-02-13,3250.74,FR
15224,P005,2025-02-13,2126.96,IT
15225,P010,2025-02-13,6079.29,FR
15226,P014,2025-02-13,490.94,DE
15227,P002,2025-02-13,3492.25,DE
15228,P026,2025-02-14,1869.8,IT
15229,P001,2025-02-14,8019.9,ES
15230,P017,2025-02-14,5390.12,IT
15231,P006,2025-02-14,2791.6,FR
15232,P009,2025-02-14,2251.16,FR
15233,P035,2025-02-15,3994.5,DE
15234,P003,2025-02-15,1845.13,IT
15235,P035,2025-02-15,3994.5,FR
15236,P017,2025-02-15,2695.06,FR
15237,P002,2025-02-15,3492.25,DE
15238,P015,2025-02-15,8484.08,FR
15239,P016,2025-02-15,2020.71,FR
15240,P006,2025-02-15,558.32,FR
15241,P022,2025-02-16,1162.66,FR
15242,P002,2025-02-16,2095.35,IT
15243,P024,2025-02-16,797.97,ES
15244,P027,2025-02-16,678.44,IT
15245,P025,2025-02-16,7973.4,FR
15246,P018,2025-02-17,3822.64,FR
15247,P004,2025-02-17,2232.07,FR
15248,P002,2025-02-17,3492.25,ES
15249,P033,2025-02-17,4218.98,IT
15250,P029,2025-02-17,1320.84,DE
15251,P026,2025-02-17,934.9,ES
15252,P005,2025-02-17,3190.44,DE
15253,P015,2025-02-18,4242.04,IT
15254,P011,2025-02-18,6052.38,DE
15255,P001,2025-02-18,1603.98,IT
15256,P007,2025-02-18,404.7,ES
15257,P022,2025-02-18,2906.65,ES
15258,P027,2025-02-18,1356.88,DE
15259,P002,2025-02-19,2793.8,DE
15260,P004,2025-02-19,11160.35,ES
15261,P004,2025-02-19,8928.28,DE
15262,P004,2025-02-19,4464.14,IT
15263,P010,2025-02-19,2026.43,FR
15264,P012,2025-02-19,1721.04,ES
15265,P023,2025-02-19,426.56,FR
15266,P035,2025-02-20,2396.7,DE
15267,P028,2025-02-20,4876.11,IT
15268,P017,2025-02-20,5390.12,IT
15269,P012,2025-02-20,3442.08,FR
15270,P020,2025-02-20,2156.34,DE
15271,P022,2025-02-21,581.33,IT
15272,P014,2025-02-21,736.41,ES
15273,P017,2025-02-21,4042.59,IT
15274,P027,2025-02-22,1356.88,IT
15275,P007,2025-02-22,161.88,DE
15276,P012,2025-02-22,3442.08,ES
15277,P026,2025-02-22,3739.6,ES
15278,P026,2025-02-22,1869.8,FR
15279,P029,2025-02-22,2201.4,ES
15280,P019,2025-02-23,8304.28,FR
15281,P011,2025-02-23,2017.46,IT
15282,P001,2025-02-23,6415.92,ES
15283,P020,2025-02-23,10781.7,IT
15284,P010,2025-02-23,4052.86,IT
15285,P020,2025-02-24,6469.02,DE
15286,P025,2025-02-24,3189.36,ES
15287,P006,2025-02-24,2233.28,ES
15288,P023,2025-02-24,639.84,DE
15289,P002,2025-02-25,2095.35,IT
15290,P006,2025-02-25,558.32,DE
15291,P032,2025-02-25,2798.04,DE
15292,P010,2025-02-25,4052.86,ES
15293,P015,2025-02-26,4242.04,IT
15294,P019,2025-02-26,10380.35,ES
15295,P005,2025-02-26,5317.4,DE
15296,P027,2025-02-26,678.44,FR
15297,P017,2025-02-26,1347.53,FR
15298,P007,2025-02-26,161.88,FR
15299,P020,2025-02-27,6469.02,ES
15300,P012,2025-02-27,860.52,FR
15301,P026,2025-02-27,2804.7,IT
15302,P016,2025-02-27,4041.42,FR
15303,P033,2025-02-27,2109.49,FR
15304,P004,2025-02-28,4464.14,DE
15305,P029,2025-02-28,2201.4,IT
15306,P006,2025-02-28,558.32,FR
15307,P020,2025-02-28,2156.34,DE
15308,P032,2025-03-01,1399.02,FR
15309,P036,2025-03-01,539.29,FR
15310,P025,2025-03-01,4784.04,DE
15311,P033,2025-03-01,2109.49,DE
15312,P030,2025-03-01,1263.18,ES
15313,P008,2025-03-01,3259.92,ES
15314,P015,2025-03-01,10605.1,IT
15315,P008,2025-03-01,6519.84,FR
15316,P029,2025-03-02,440.28,IT
15317,P030,2025-03-02,421.06,ES
15318,P008,2025-03-02,1629.96,FR
15319,P036,2025-03-02,2696.45,ES
15320,P031,2025-03-02,4947.94,ES
15321,P025,2025-03-02,6378.72,DE
15322,P008,2025-03-02,3259.92,IT
15323,P003,2025-03-03,7380.52,ES
15324,P012,2025-03-03,4302.6,IT
15325,P036,2025-03-03,1617.87,ES
15326,P003,2025-03-03,3690.26,FR
15327,P013,2025-03-04,4787.34,FR
15328,P012,2025-03-04,860.52,FR
15329,P003,2025-03-04,9225.65,FR
15330,P023,2025-03-04,639.84,FR
15331,P031,2025-03-04,9895.88,FR
15332,P023,2025-03-05,853.12,ES
15333,P024,2025-03-05,531.98,FR
15334,P004,2025-03-05,2232.07,IT
15335,P010,2025-03-05,2026.43,FR
15336,P001,2025-03-05,3207.96,FR
15337,P034,2025-03-05,1752.54,DE
15338,P014,2025-03-05,245.47,FR
15339,P009,2025-03-05,2813.95,ES
15340,P015,2025-03-06,2121.02,ES
15341,P028,2025-03-06,1625.37,DE
15342,P015,2025-03-06,4242.04,DE
15343,P025,2025-03-07,4784.04,FR
15344,P019,2025-03-07,4152.14,DE
15345,P022,2025-03-07,1743.99,ES
15346,P021,2025-03-08,1765.86,FR
15347,P027,2025-03-08,1356.88,ES
15348,P028,2025-03-08,4876.11,FR
15349,P022,2025-03-09,581.33,DE
15350,P005,2025-03-09,4253.92,ES
15351,P009,2025-03-09,2813.95,IT
15352,P032,2025-03-09,1399.02,IT
15353,P017,2025-03-09,5390.12,IT
15354,P030,2025-03-09,842.12,FR
15355,P010,2025-03-09,6079.29,ES
15356,P024,2025-03-10,797.97,IT
15357,P030,2025-03-10,842.12,IT
15358,P005,2025-03-10,1063.48,ES
15359,P014,2025-03-10,1227.35,FR
15360,P024,2025-03-10,797.97,FR
15361,P015,2025-03-10,2121.02,ES
15362,P032,2025-03-10,4197.06,ES
15363,P002,2025-03-10,1396.9,IT
15364,P020,2025-03-11,6469.02,FR
15365,P012,2025-03-11,860.52,DE
15366,P012,2025-03-11,2581.56,DE
15367,P026,2025-03-12,3739.6,IT
15368,P034,2025-03-12,584.18,DE
15369,P028,2025-03-12,3250.74,IT
15370,P025,2025-03-12,3189.36,FR
15371,P005,2025-03-12,2126.96,DE
15372,P036,2025-03-12,2157.16,ES
15373,P009,2025-03-12,2813.95,FR
15374,P028,2025-03-13,8126.85,FR
15375,P004,2025-03-13,2232.07,FR
15376,P034,2025-03-13,2920.9,DE
15377,P004,2025-03-13,6696.21,ES
15378,P016,2025-03-13,2020.71,ES
15379,P034,2025-03-13,1168.36,FR
15380,P027,2025-03-13,678.44,IT
15381,P028,2025-03-14,1625.37,IT
15382,P021,2025-03-14,7063.44,ES
15383,P031,2025-03-14,12369.85,IT
15384,P022,2025-03-14,1743.99,DE
15385,P005,2025-03-14,1063.48,ES
15386,P017,2025-03-14,2695.06,FR
15387,P009,2025-03-15,1125.58,FR
15388,P012,2025-03-15,1721.04,DE
15389,P007,2025-03-15,80.94,ES
15390,P032,2025-03-15,6995.1,IT
15391,P007,2025-03-15,161.88,ES
15392,P019,2025-03-15,10380.35,IT
15393,P018,2025-03-16,3822.64,IT
15394,P024,2025-03-16,265.99,DE
15395,P001,2025-03-16,8019.9,FR
15396,P002,2025-03-16,2793.8,FR
15397,P018,2025-03-16,3822.64,IT
15398,P004,2025-03-17,11160.35,IT
15399,P029,2025-03-17,440.28,IT
15400,P026,2025-03-17,3739.6,IT
15401,P001,2025-03-18,4811.94,FR
15402,P012,2025-03-18,3442.08,IT
15403,P018,2025-03-18,4778.3,IT
15404,P029,2025-03-18,2201.4,IT
15405,P028,2025-03-18,8126.85,ES
15406,P015,2025-03-18,2121.02,ES
15407,P021,2025-03-18,1765.86,IT
15408,P036,2025-03-18,539.29,ES
15409,P015,2025-03-19,8484.08,IT
15410,P032,2025-03-19,6995.1,DE
15411,P008,2025-03-19,3259.92,FR
15412,P004,2025-03-19,11160.35,FR
15413,P009,2025-03-19,2251.16,IT
15414,P022,2025-03-19,2325.32,ES
15415,P020,2025-03-19,4312.68,IT
15416,P024,2025-03-20,1063.96,IT
15417,P035,2025-03-20,2396.7,ES
15418,P032,2025-03-20,5596.08,ES
15419,P003,2025-03-20,1845.13,ES
15420,P011,2025-03-20,2017.46,IT
15421,P005,2025-03-20,3190.44,IT
15422,P003,2025-03-20,5535.39,IT
15423,P012,2025-03-21,2581.56,IT
15424,P014,2025-03-21,245.47,FR
15425,P023,2025-03-21,213.28,ES
15426,P022,2025-03-21,581.33,IT
15427,P015,2025-03-22,6363.06,IT
15428,P003,2025-03-22,7380.52,FR
15429,P014,2025-03-22,490.94,IT
15430,P011,2025-03-22,4034.92,DE
15431,P028,2025-03-22,1625.37,ES
15432,P035,2025-03-22,1597.8,ES
15433,P018,2025-03-22,2866.98,FR
15434,P004,2025-03-22,6696.21,IT
15435,P009,2025-03-23,562.79,DE
15436,P032,2025-03-23,2798.04,ES
15437,P030,2025-03-23,2105.3,DE
15438,P011,2025-03-23,2017.46,FR
15439,P018,2025-03-23,955.66,ES
15440,P022,2025-03-23,581.33,DE
15441,P026,2025-03-23,934.9,DE
15442,P024,2025-03-24,1063.96,IT
15443,P018,2025-03-24,2866.98,IT
15444,P033,2025-03-24,8437.96,IT
15445,P007,2025-03-24,80.94,ES
15446,P029,2025-03-24,880.56,IT
15447,P011,2025-03-24,10087.3,DE
15448,P018,2025-03-25,1911.32,IT
15449,P007,2025-03-25,242.82,IT
15450,P023,2025-03-25,639.84,DE
15451,P014,2025-03-25,490.94,FR
15452,P007,2025-03-26,161.88,ES
15453,P029,2025-03-26,2201.4,DE
15454,P009,2025-03-26,2251.16,FR
15455,P017,2025-03-26,2695.06,DE
15456,P035,2025-03-26,2396.7,FR
15457,P035,2025-03-26,3994.5,FR
15458,P001,2025-03-26,8019.9,DE
15459,P003,2025-03-26,7380.52,FR
15460,P014,2025-03-27,490.94,IT
15461,P007,2025-03-27,404.7,FR
15462,P022,2025-03-27,2906.65,IT
15463,P018,2025-03-27,4778.3,DE
15464,P023,2025-03-28,1066.4,IT
15465,P035,2025-03-28,2396.7,ES
15466,P031,2025-03-28,9895.88,FR
15467,P033,2025-03-28,8437.96,ES
15468,P011,2025-03-28,6052.38,DE
15469,P021,2025-03-28,5297.58,IT
15470,P026,2025-03-28,4674.5,DE
15471,P023,2025-03-29,213.28,FR
15472,P026,2025-03-29,2804.7,IT
15473,P036,2025-03-29,1078.58,FR
15474,P001,2025-03-29,3207.96,FR
15475,P006,2025-03-30,2791.6,DE
15476,P001,2025-03-30,8019.9,IT
15477,P011,2025-03-30,8069.84,FR
15478,P027,2025-03-30,678.44,FR
15479,P004,2025-03-30,6696.21,DE
15480,P005,2025-03-31,3190.44,FR
15481,P015,2025-03-31,2121.02,FR
15482,P006,2025-03-31,1116.64,ES
15483,P013,2025-03-31,11968.35,DE

Section,Produits
ProductID,ProductName,Category,SubCategory
P001,Ordinateur B,High-Tech,Ordinateurs
P002,Ordinateur C,High-Tech,Ordinateurs
P003,Ordinateur D,High-Tech,Ordinateurs
P004,Ecran E,High-Tech,Ecrans
P005,Ecran F,High-Tech,Ecrans
P006,Ecran G,High-Tech,Ecrans
P007,Tablette H,High-Tech,Tablettes
P008,Tablette I,High-Tech,Tablettes
P009,Tablette J,High-Tech,Tablettes
P010,Smartphone K,High-Tech,Smartphones
P011,Smartphone L,High-Tech,Smartphones
P012,Smartphone M,High-Tech,Smartphones
P013,Imprimante N,Bureau,Imprimantes
P014,Imprimante O,Bureau,Imprimantes
P015,Imprimante P,Bureau,Imprimantes
P016,Meuble Q,Bureau,Meubles
P017,Meuble R,Bureau,Meubles
P018,Meuble S,Bureau,Meubles
P019,Fourniture T,Bureau,Fournitures
P020,Fourniture U,Bureau,Fournitures
P021,Fourniture V,Bureau,Fournitures
P022,Machine W,Bureau,Machines
P023,Machine X,Bureau,Machines
P024,Machine Y,Bureau,Machines
P025,Cable Z,Accessoires,Cables
P026,Cable A,Accessoires,Cables
P027,Cable B,Accessoires,Cables
P028,Souri C,Accessoires,Souris
P029,Souri D,Accessoires,Souris
P030,Souri E,Accessoires,Souris
P031,Clavier F,Accessoires,Claviers
P032,Clavier G,Accessoires,Claviers
P033,Clavier H,Accessoires,Claviers
P034,Casque I,Accessoires,Casques
P035,Casque J,Accessoires,Casques
P036,Casque K,Accessoires,Casques
